Treatment,Period,Group,Round,BoxNum,identity,MsgOrder,Speaker,Message
2,1,1,1,1,p-v1,1,V1,I'll let you take a larger cut if you dont pay the other guy
2,1,1,1,1,p-v1,2,P,ok
2,1,1,1,1,p-v1,3,V1,me- 13 you -17
2,1,1,1,3,public,1,V2,Equal sharing?
2,1,1,1,3,public,2,V1,yea im down
2,2,1,1,1,p-v1,1,V1,want to split 15$ among the two of us?
2,2,1,1,1,p-v1,2,V1,lol
2,2,1,1,1,p-v1,3,P,"16 to me, 14 you and a deal"
2,2,1,1,1,p-v1,4,V1,sure deal
2,2,1,1,3,public,1,V2,equal distribution - 10 each. Agreed?
2,2,1,1,3,public,2,V1,ok
2,3,1,1,1,p-v1,1,V1,u take 15
2,3,1,1,1,p-v1,2,V1,give me 14 or 12
2,3,1,1,1,p-v1,3,P,ill give you 12
2,3,1,1,1,p-v1,4,V1,ok
2,3,1,1,3,public,1,V2,hola
2,3,1,1,3,public,2,V2,whats the plan
2,4,1,1,1,p-v1,1,P,14 for you 16 for me?
2,4,1,1,2,p-v2,1,V2,u take15 or 18
2,4,1,1,2,p-v2,2,V2,give me 12
2,4,1,1,2,p-v2,3,P,alright
2,5,1,1,1,p-v1,1,P,offer?
2,5,1,1,1,p-v1,2,V1,how about 15/5/10?
2,5,1,1,2,p-v2,1,P,offer?
2,5,1,1,2,p-v2,2,V2,0/13/17
2,5,1,1,2,p-v2,3,P,0 12 18?
2,5,1,1,2,p-v2,4,V2,lol
2,5,1,1,2,p-v2,5,P,other person has the same offer lol
2,5,1,1,2,p-v2,6,V2,sure
2,5,1,1,2,p-v2,7,P,ok
2,5,1,1,3,public,1,V1,10 each?
2,6,1,1,1,p-v1,1,V1,17 and 13?
2,6,1,1,1,p-v1,2,P,I have offer for 22 and 8
2,6,1,1,1,p-v1,3,P,will you take 7?
2,6,1,1,1,p-v1,4,P,?
2,6,1,2,1,p-v1,1,V1,hey
2,6,1,2,1,p-v1,2,V1,"20, 10?"
2,6,1,1,2,p-v2,1,P,22 and 8?
2,6,1,1,2,p-v2,2,P,?
2,6,1,1,2,p-v2,3,V2,10 each or no go
2,6,1,2,2,p-v2,1,V2,17 and 13?
2,6,1,1,3,public,1,V2,Split equally?
2,6,1,1,3,public,2,V1,Split
2,6,1,1,4,v1-v2,1,V1,What do you wanna do?
2,6,1,1,4,v1-v2,2,V1,10 each?
2,6,1,1,4,v1-v2,3,V2,yeah
2,6,1,1,4,v1-v2,4,V1,Cuz he offered me 7
2,6,1,1,4,v1-v2,5,V1,and 8 to you
2,6,1,1,4,v1-v2,6,V2,I guess that's not too bad either
2,6,1,1,4,v1-v2,7,V2,He also just offered me 22 and 8
2,6,1,1,4,v1-v2,8,V1,But we get to decide
2,6,1,1,4,v1-v2,9,V1,Why let that person freeload?
2,6,1,1,4,v1-v2,10,V2,so do you want to insist on 10 each and keep rejecting until then
2,6,1,1,4,v1-v2,11,V1,We have 2 votes
2,6,1,1,4,v1-v2,12,V1,Yepp
2,6,1,1,4,v1-v2,13,V1,Let's take 10
2,6,1,1,4,v1-v2,14,V2,sounds good
2,7,1,1,1,p-v1,1,V1,want to 15 and 15
2,7,1,1,3,public,1,V2,Subject 2... you rock!
2,8,1,1,1,p-v1,1,V1,13/17?
2,8,1,1,1,p-v1,2,P,1/12/17?
2,8,1,1,1,p-v1,3,P,:P
2,8,1,1,1,p-v1,4,V1,ok
2,8,1,1,2,p-v2,1,V2,20/10?
2,8,1,1,2,p-v2,2,P,19/10/1?
2,8,1,1,2,p-v2,3,V2,done
2,8,1,2,2,p-v2,1,V2,15 each?
2,8,1,2,2,p-v2,2,P,ok
2,8,1,1,4,v1-v2,1,V2,if he gives you less than 15 dont accept
2,8,1,1,4,v1-v2,2,V1,ok
2,8,1,1,4,v1-v2,3,V2,if I am proposer next round we'll split 15 each
2,8,1,1,4,v1-v2,4,V1,ok
2,9,1,1,1,p-v1,1,P,10/0/20?
2,9,1,2,1,p-v1,1,V1,here we go
2,9,1,2,1,p-v1,2,V1,15 each?
2,9,1,2,1,p-v1,3,P,yup
2,9,1,1,2,p-v2,1,P,0/10/20?
2,9,1,1,2,p-v2,2,V2,done
2,9,1,2,2,p-v2,1,V2,19/0/11?
2,9,1,1,4,v1-v2,1,V2,if he gives less than 15 dont accept
2,9,1,1,4,v1-v2,2,V2,next round lets split equally?
2,9,1,1,4,v1-v2,3,V1,okay
2,10,1,1,1,p-v1,1,V1,18/12 or 20/10
2,10,1,1,1,p-v1,2,P,25/5?
2,10,1,1,1,p-v1,3,V1,no
2,10,1,2,1,p-v1,1,V1,ok 10 ?
2,10,1,1,4,v1-v2,1,V2,if he gives less than 15 don't accept
2,10,1,1,4,v1-v2,2,V2,next round we'll split equally
2,10,1,1,4,v1-v2,3,V2,?
2,10,1,1,4,v1-v2,4,V1,ok done
2,10,1,1,4,v1-v2,5,V2,cool
2,11,1,1,1,p-v1,1,V1,16 14?
2,11,1,1,2,p-v2,1,V2,12 for me rest for you
2,11,1,1,2,p-v2,2,V2,or 10/20
2,11,1,1,2,p-v2,3,P,20/10
2,11,1,1,2,p-v2,4,V2,okay'
2,11,1,1,3,public,1,V1,hi
2,11,1,1,4,v1-v2,1,V1,"If unfair, we can 15 15 in next round by rejecting"
2,11,1,1,4,v1-v2,2,V2,alright
2,12,1,1,1,p-v1,1,V1,12/18/0?
2,12,1,1,1,p-v1,2,P,ok
2,12,1,1,1,p-v1,3,V1,ok
2,12,1,1,2,p-v2,1,V2,give me 12
2,13,1,1,1,p-v1,1,V1,20 and 10?
2,13,1,1,1,p-v1,2,P,why so low
2,13,1,1,1,p-v1,3,V1,You want more?
2,13,1,1,2,p-v2,1,P,before you guys starting collabing
2,13,1,1,2,p-v2,2,P,I will do 15 15 for us
2,13,1,1,2,p-v2,3,P,sound good?
2,13,1,1,2,p-v2,4,V2,yup
2,13,1,1,2,p-v2,5,P,stick to it
2,13,1,1,2,p-v2,6,P,lets make a code word just in case
2,13,1,1,2,p-v2,7,P,tapatio sauce
2,13,1,1,2,p-v2,8,P,good?
2,13,1,1,2,p-v2,9,P,say it back
2,13,1,1,2,p-v2,10,V2,don't worry I've been scammed too many times Ill stick to it
2,13,1,1,2,p-v2,11,P,ok
2,13,1,1,2,p-v2,12,V2,tapatio sauce
2,13,1,1,4,v1-v2,1,V1,15 each?
2,13,1,1,4,v1-v2,2,V1,Reject whatever they offer?
2,14,1,1,1,p-v1,1,P,11-19?
2,14,1,1,1,p-v1,2,V1,yeahh
2,14,1,1,3,public,1,P,Hello!
2,14,1,1,3,public,2,V1,hi
2,14,1,1,3,public,3,P,How you guys wanna split?
2,14,1,1,3,public,4,V2,hi!
2,14,1,1,3,public,5,V2,its dope if you split evenly
2,14,1,1,3,public,6,V1,lol
2,14,1,1,4,v1-v2,1,V2,reject if they offer less than 15
2,14,1,1,4,v1-v2,2,V1,reject anything less than 15
2,14,1,1,4,v1-v2,3,V1,done
2,14,1,1,4,v1-v2,4,V2,we can split it next round
2,14,1,1,4,v1-v2,5,V1,yess
2,14,1,1,4,v1-v2,6,V2,id accept a 3 way split tho
2,14,1,2,4,v1-v2,1,V2,please split with me
2,14,1,2,4,v1-v2,2,V1,yess
2,15,1,1,1,p-v1,1,P,offer?
2,15,1,1,1,p-v1,2,V1,13/0/17?
2,15,1,1,1,p-v1,3,P,mkay
2,15,1,1,2,p-v2,1,P,offer?
2,15,1,1,2,p-v2,2,V2,20/10?
2,1,2,1,3,public,1,V1,hi
2,1,2,1,3,public,2,V2,hi
2,1,2,1,3,public,3,P,Hi
2,1,2,1,3,public,4,V1,so how are yo guys doing
2,1,2,1,3,public,5,V1,you*
2,1,2,1,3,public,6,V2,how are we dividing the amount?
2,1,2,1,3,public,7,V1,10 each
2,1,2,1,3,public,8,V1,?
2,1,2,1,3,public,9,V2,sounds good
2,1,2,1,3,public,10,P,Yeah
2,2,2,1,1,p-v1,1,V1,15/15/0?
2,2,2,1,3,public,1,V2,hii
2,2,2,1,3,public,2,V1,hi
2,2,2,1,3,public,3,V2,10 each?
2,2,2,1,4,v1-v2,1,V1,15/15/0?
2,2,2,1,4,v1-v2,2,V2,proposer is subj 3
2,3,2,1,1,p-v1,1,V1,split it with me 15 15?
2,3,2,1,1,p-v1,2,P,same offer from 2
2,3,2,1,1,p-v1,3,P,better deal?
2,3,2,1,1,p-v1,4,V1,12 12 6?
2,3,2,1,1,p-v1,5,V1,me and you both get 12
2,3,2,1,1,p-v1,6,V1,or i could do 16 14
2,3,2,1,1,p-v1,7,V1,you get 16
2,3,2,1,2,p-v2,1,V2,Wanna split 15 and 15
2,3,2,1,2,p-v2,2,P,same offer from 1
2,3,2,1,2,p-v2,3,P,better deal?
2,3,2,1,2,p-v2,4,V2,hm 17 to you 13 me
2,3,2,1,2,p-v2,5,P,done!
2,3,2,1,3,public,1,P,Hello
2,3,2,1,3,public,2,V2,hello
2,4,2,1,1,p-v1,1,V1,hey 10 each works?
2,4,2,1,2,p-v2,1,P,want to slpit it between us?
2,4,2,1,2,p-v2,2,V2,yes
2,4,2,1,2,p-v2,3,V2,sure! lol
2,4,2,1,3,public,1,V1,10 each ?
2,4,2,1,3,public,2,V2,yup
2,4,2,1,3,public,3,V2,subject3??
2,5,2,1,1,p-v1,1,P,17/13/0?
2,5,2,1,1,p-v1,2,V1,let' just split equally
2,5,2,1,2,p-v2,1,P,17/13/0/
2,5,2,1,2,p-v2,2,P,?
2,5,2,1,2,p-v2,3,V2,done
2,5,2,1,3,public,1,V1,split equally?
2,5,2,1,3,public,2,V2,equal share guys?
2,5,2,1,3,public,3,V2,yeahh
2,6,2,1,1,p-v1,1,V1,13 17?
2,6,2,1,1,p-v1,2,P,12 18
2,6,2,1,1,p-v1,3,V1,cool
2,6,2,1,1,p-v1,4,V1,ill acccept if its 12
2,6,2,1,4,v1-v2,1,V2,13/17?
2,6,2,1,4,v1-v2,2,V1,yeah
2,7,2,1,1,p-v1,1,V1,12 18?
2,7,2,1,1,p-v1,2,P,no
2,7,2,1,1,p-v1,3,V1,?
2,7,2,1,1,p-v1,4,V1,11 19?
2,7,2,3,1,p-v1,1,V1,haha
2,7,2,3,1,p-v1,2,V1,now it worked
2,7,2,3,1,p-v1,3,P,yeah
2,7,2,3,1,p-v1,4,V1,cool
2,7,2,3,1,p-v1,5,P,13 17?
2,7,2,3,1,p-v1,6,V1,common man
2,7,2,3,1,p-v1,7,V1,15 15
2,7,2,1,2,p-v2,1,V2,13 17?
2,7,2,1,2,p-v2,2,P,no
2,7,2,3,2,p-v2,1,V2,yo
2,7,2,3,2,p-v2,2,V2,10 to me 20 to you
2,7,2,3,2,p-v2,3,P,sure
2,7,2,3,2,p-v2,4,V2,k
2,7,2,3,2,p-v2,5,V2,what is the other guy telling you
2,7,2,3,2,p-v2,6,P,15
2,7,2,3,2,p-v2,7,V2,I'm 10
2,7,2,3,2,p-v2,8,P,im going ahead with 10 20
2,7,2,1,3,public,1,P,ok listen
2,7,2,1,3,public,2,P,I want to have every round I'm in be fair
2,7,2,1,3,public,3,P,"because on average, if we don't cheat each other"
2,7,2,1,3,public,4,P,we all come out with more money
2,7,2,1,3,public,5,P,hopefully $30 each
2,7,2,1,3,public,6,V1,ok fair enough
2,7,2,1,3,public,7,P,so!
2,7,2,1,3,public,8,V2,yeah
2,7,2,1,3,public,9,P,"from now on, I want you guys to propose this same deal"
2,7,2,1,3,public,10,P,*same deal
2,7,2,1,3,public,11,P,and try to convince other people too
2,7,2,1,3,public,12,P,I want $30 out of this experiment
2,7,2,1,3,public,13,P,no more no less
2,7,2,1,3,public,14,P,the other experiments are harder to make money on sometimes
2,7,2,1,3,public,15,V2,sure
2,7,2,1,3,public,16,P,so this is the easiest
2,7,2,1,3,public,17,P,lets be fair
2,7,2,1,3,public,18,V2,yeah
2,7,2,1,3,public,19,P,on average better payout
2,7,2,2,3,public,1,P,LOL
2,7,2,2,3,public,2,P,you guys are the worst
2,7,2,2,3,public,3,V1,lol
2,7,2,2,3,public,4,P,tell me what you want
2,7,2,2,3,public,5,P,same proposer
2,7,2,2,3,public,6,V2,ok lets do 10 10 10
2,7,2,2,3,public,7,V1,lol
2,7,2,2,3,public,8,V1,cool
2,7,2,2,3,public,9,P,thats what I thought
2,7,2,3,3,public,1,V2,you guys suck
2,7,2,3,3,public,2,V2,fr
2,7,2,1,4,v1-v2,1,V1,lets reject any of his proposal and split 15$ each in n ext round?
2,7,2,1,4,v1-v2,2,V2,does any one of us become the propser next round?
2,7,2,1,4,v1-v2,3,V1,yes
2,7,2,1,4,v1-v2,4,V2,im up
2,7,2,1,4,v1-v2,5,V1,cool...lets reject his 10 10 10 offer lol
2,7,2,1,4,v1-v2,6,V2,cool
2,7,2,1,4,v1-v2,7,V2,do our ids remain same?
2,7,2,1,4,v1-v2,8,V1,yup
2,7,2,1,4,v1-v2,9,V2,how do i know that 1 is you?
2,7,2,1,4,v1-v2,10,V1,it was in the rules
2,7,2,1,4,v1-v2,11,V2,cool
2,7,2,2,4,v1-v2,1,V2,how is it the same?
2,7,2,2,4,v1-v2,2,V1,it is randomly re alloted
2,7,2,2,4,v1-v2,3,V1,i think he got picked again
2,7,2,3,4,v1-v2,1,V1,haha
2,7,2,3,4,v1-v2,2,V1,he is cheating me for 13 17
2,8,2,1,1,p-v1,1,P,20/10? cuz the other person wanted to screw you out
2,8,2,1,1,p-v1,2,V1,ok
2,8,2,1,2,p-v2,1,V2,16 you 14 me
2,8,2,1,3,public,1,V1,we should split evenly
2,8,2,1,3,public,2,V1,its fair
2,8,2,1,3,public,3,V1,and we have better odds of leaving with more money if we dont cheat
2,8,2,1,3,public,4,V2,okay fair
2,8,2,1,4,v1-v2,1,V2,okay before you agree to anything here's the deal
2,8,2,1,4,v1-v2,2,V1,?
2,9,2,1,1,p-v1,1,V1,12/18?
2,9,2,1,2,p-v2,1,V2,hey
2,9,2,1,2,p-v2,2,V2,18/12
2,9,2,1,2,p-v2,3,V2,?
2,9,2,1,2,p-v2,4,V2,or 20/10?
2,9,2,1,2,p-v2,5,P,ok
2,9,2,1,2,p-v2,6,V2,great
2,10,2,1,1,p-v1,1,V1,14/16/0?
2,10,2,1,1,p-v1,2,V1,can give u more
2,10,2,1,1,p-v1,3,V1,negotiate
2,10,2,1,2,p-v2,1,V2,"19, 11?"
2,10,2,1,2,p-v2,2,P,ok
2,10,2,1,2,p-v2,3,V2,nice
2,10,2,1,2,p-v2,4,V2,or fair if youre feeling fair haha
2,10,2,1,2,p-v2,5,P,"no man, already so many people played"
2,10,2,1,2,p-v2,6,V2,haha seriously its vicious
2,11,2,1,1,p-v1,1,V1,How about 17/13?
2,11,2,1,1,p-v1,2,P,"2 offered me 19, 11"
2,11,2,1,1,p-v1,3,V1,Haha...
2,11,2,1,1,p-v1,4,V1,how about 20 / 10 then?
2,11,2,1,1,p-v1,5,P,would you take 5?
2,11,2,1,1,p-v1,6,V1,I'm not sure. maybe
2,11,2,1,1,p-v1,7,V1,ok... better than 0
2,11,2,1,1,p-v1,8,P,haha ok nice
2,11,2,2,1,p-v1,1,V1,20 10?
2,11,2,2,1,p-v1,2,V1,you get 20
2,11,2,2,1,p-v1,3,P,cool...
2,11,2,2,1,p-v1,4,V1,dope
2,11,2,2,1,p-v1,5,P,+1 for you ! :)
2,11,2,1,2,p-v2,1,V2,19 11?
2,11,2,1,2,p-v2,2,V2,20 10?
2,11,2,1,2,p-v2,3,P,ok
2,11,2,1,2,p-v2,4,V2,cool
2,11,2,1,2,p-v2,5,V2,ill do 21 9 if they offered the same
2,11,2,2,2,p-v2,1,V2,you didnt take 5!
2,11,2,1,3,public,1,P,hi
2,11,2,1,4,v1-v2,1,V2,reject the offer
2,12,2,1,1,p-v1,1,V1,10/20?
2,12,2,1,2,p-v2,1,V2,"how about 19, 11?"
2,12,2,1,2,p-v2,2,P,Lol
2,12,2,1,2,p-v2,3,P,No ned to say boss due chill
2,12,2,1,2,p-v2,4,V2,hahaha
2,12,2,1,3,public,1,P,Hello!
2,12,2,1,3,public,2,V1,Hi
2,12,2,1,3,public,3,V2,hii boss
2,12,2,1,3,public,4,V2,
2,13,2,1,1,p-v1,1,V1,11-19?
2,13,2,1,2,p-v2,1,V2,18 12?
2,13,2,1,3,public,1,P,hi
2,13,2,1,3,public,2,V1,Hello!
2,14,2,4,1,p-v1,1,V1,15 15
2,14,2,4,1,p-v1,2,V1,?
2,14,2,1,2,p-v2,1,V2,12 ?
2,14,2,1,4,v1-v2,1,V1,reject if less than 15
2,14,2,1,4,v1-v2,2,V1,then it gets thrown to us
2,14,2,1,4,v1-v2,3,V2,done
2,14,2,1,4,v1-v2,4,V1,kk
2,15,2,1,1,p-v1,1,P,44183
2,15,2,1,1,p-v1,2,V1,cool
2,15,2,1,1,p-v1,3,V1,deal
2,15,2,1,2,p-v2,1,V2,hey
2,15,2,1,2,p-v2,2,V2,20/10?
2,15,2,1,2,p-v2,3,P,alright
2,15,2,1,2,p-v2,4,V2,ok
2,15,2,1,4,v1-v2,1,V1,reject anything below 15
2,15,2,1,4,v1-v2,2,V1,we will split next round
2,1,3,1,1,p-v1,1,P,hi
2,1,3,1,1,p-v1,2,V1,hello
2,1,3,1,1,p-v1,3,P,any suggestions
2,1,3,1,1,p-v1,4,V1,"15 for you, 13 for me, 2 for the last person -- I'll approve"
2,1,3,1,1,p-v1,5,P,ok
2,1,3,1,1,p-v1,6,P,done
2,1,3,1,2,p-v2,1,P,hi
2,1,3,1,2,p-v2,2,V2,hey
2,1,3,1,2,p-v2,3,V2,how are we gonna divide?
2,1,3,1,2,p-v2,4,P,what u suggest
2,1,3,1,2,p-v2,5,V2,I guess equal is better
2,1,3,1,2,p-v2,6,V2,?
2,1,3,1,4,v1-v2,1,V2,How are we dividing?
2,2,3,1,1,p-v1,1,V1,Hey!
2,2,3,1,3,public,1,P,share equally?
2,2,3,1,3,public,2,V2,hi everyone 10/10/10?
2,2,3,1,3,public,3,V2,yes i want to keep it fair
2,3,3,1,1,p-v1,1,V1,17/13/0?
2,3,3,1,1,p-v1,2,P,15/0/5
2,3,3,1,1,p-v1,3,P,10/15/5?
2,3,3,1,1,p-v1,4,V1,sure
2,3,3,1,2,p-v2,1,V2,how u feel about splitting evenly?
2,3,3,1,2,p-v2,2,V2,with all three haha
2,3,3,1,2,p-v2,3,P,I was going to do that but hen subject  wanted to do 17/13/0 so how about we do 15 to both of us and 0 for subject  1
2,3,3,1,2,p-v2,4,V2,hmmmm
2,3,3,1,2,p-v2,5,V2,i would be greedy but you have the power to punish for that haha
2,3,3,1,3,public,1,V2,hi
2,3,3,1,3,public,2,P,Hi
2,4,3,1,2,p-v2,1,V2,15 you 15 me?
2,4,3,1,3,public,1,P,hi
2,4,3,1,3,public,2,V1,10 each?
2,4,3,1,3,public,3,P,i just got jipped on the last one
2,4,3,1,3,public,4,P,haha so feeling pretty fair
2,4,3,1,3,public,5,V2,lol works for me
2,4,3,1,3,public,6,V1,Yeah sucks happened to me too
2,5,3,1,1,p-v1,1,V1,hey
2,5,3,1,1,p-v1,2,P,offer?
2,5,3,1,1,p-v1,3,V1,"10 for me, 20 for you"
2,5,3,1,1,p-v1,4,P,done
2,5,3,1,1,p-v1,5,V1,go ahead
2,5,3,1,1,p-v1,6,V1,propose
2,5,3,1,2,p-v2,1,P,offer?
2,5,3,1,2,p-v2,2,V2,16/14/0
2,6,3,1,1,p-v1,1,V1,15 - 15 split?
2,6,3,1,2,p-v2,1,V2,15 you 15 me?
2,6,3,1,2,p-v2,2,P,alright
2,7,3,1,1,p-v1,1,P,20 10?
2,7,3,1,1,p-v1,2,P,21 9?
2,7,3,1,2,p-v2,1,V2,19 11?
2,7,3,1,2,p-v2,2,P,20 10?
2,7,3,1,2,p-v2,3,V2,yes
2,7,3,1,2,p-v2,4,V2,21 9 even
2,7,3,1,2,p-v2,5,P,"20 10, done!"
2,7,3,1,4,v1-v2,1,V1,they offered me 10 so they can have 20
2,7,3,1,4,v1-v2,2,V1,we should both reject and split the offer between us when its reassigned
2,8,3,1,1,p-v1,1,V1,14/16/0?
2,8,3,1,1,p-v1,2,V1,can give u more
2,8,3,1,1,p-v1,3,V1,negotiate
2,8,3,1,1,p-v1,4,P,alright
2,8,3,1,1,p-v1,5,P,18/12?
2,8,3,1,1,p-v1,6,V1,fine
2,8,3,1,2,p-v2,1,V2,want to do 15 and 15
2,8,3,1,2,p-v2,2,P,ok
2,8,3,1,2,p-v2,3,V2,do want more
2,8,3,1,2,p-v2,4,V2,you *
2,10,3,1,1,p-v1,1,V1,17 and 13?
2,10,3,1,1,p-v1,2,V1,actuallu no
2,10,3,1,1,p-v1,3,V1,10 each?
2,10,3,1,2,p-v2,1,V2,18-12?
2,10,3,1,3,public,1,V2,Hey
2,10,3,1,3,public,2,P,hey
2,10,3,1,4,v1-v2,1,V1,Lets insist for 10 each?
2,10,3,1,4,v1-v2,2,V2,Sounds Legit
2,11,3,1,2,p-v2,1,V2,12 18?
2,11,3,1,2,p-v2,2,P,Cool!
2,11,3,1,2,p-v2,3,V2,go ahead
2,11,3,1,3,public,1,P,Hey
2,11,3,1,3,public,2,V1,equal split?
2,12,3,1,1,p-v1,1,V1,20 10?
2,12,3,1,1,p-v1,2,P,deal
2,12,3,2,1,p-v1,1,V1,so what's the deal
2,12,3,1,2,p-v2,1,V2,12 18
2,12,3,1,2,p-v2,2,V2,?
2,12,3,2,2,p-v2,1,V2,15 15?
2,12,3,2,2,p-v2,2,P,done
2,12,3,2,2,p-v2,3,V2,go ahead
2,12,3,1,3,public,1,V1,hi
2,12,3,1,4,v1-v2,1,V1,"If unfair, 15 each in next round?"
2,12,3,1,4,v1-v2,2,V2,yes
2,13,3,1,1,p-v1,1,V1,I am good with 0
2,13,3,1,1,p-v1,2,V1,10
2,13,3,1,2,p-v2,1,V2,"offer, 20/10"
2,13,3,1,2,p-v2,2,P,ok
2,13,3,1,3,public,1,P,hi
2,13,3,1,4,v1-v2,1,V1,hey
2,13,3,1,4,v1-v2,2,V1,lets reject
2,13,3,1,4,v1-v2,3,V1,and do 15 in next?
2,13,3,1,4,v1-v2,4,V2,how would i know that you would?
2,13,3,1,4,v1-v2,5,V2,15 each?
2,14,3,1,1,p-v1,1,P,44183
2,14,3,1,1,p-v1,2,V1,word
2,14,3,1,2,p-v2,1,P,44183
2,14,3,1,2,p-v2,2,V2,cool
2,15,3,1,1,p-v1,1,V1,"u 20, me 20?"
2,15,3,1,1,p-v1,2,V1,10 haha
2,15,3,1,1,p-v1,3,V1,shoot
2,15,3,1,1,p-v1,4,P,take 15 and end this
2,15,3,2,2,p-v2,1,P,hi
2,15,3,2,2,p-v2,2,V2,15 each?
2,15,3,2,2,p-v2,3,P,sure
2,15,3,1,4,v1-v2,1,V2,lets not accpet anythingg below 15?
2,15,3,1,4,v1-v2,2,V2,next round we split equal?
2,15,3,1,4,v1-v2,3,V1,ooo i like this
2,15,3,1,4,v1-v2,4,V1,okay
2,15,3,2,4,v1-v2,1,V1,doont accept
2,15,3,2,4,v1-v2,2,V2,that was a fair offer
2,15,3,2,4,v1-v2,3,V2,hahahah
2,15,3,2,4,v1-v2,4,V1,i will give u 17
2,1,4,1,1,p-v1,1,P,imma give u 15 a
2,1,4,1,1,p-v1,2,P,and imma get 15
2,1,4,1,1,p-v1,3,P,and theyre not gonna get
2,1,4,1,1,p-v1,4,P,so if you vote we both get 15
2,1,4,1,1,p-v1,5,V1,ok
2,1,4,1,3,public,1,P,hi
2,1,4,1,3,public,2,V2,hello
2,1,4,1,3,public,3,P,wait so can yall see what i just put in
2,1,4,1,3,public,4,V1,Hi.
2,1,4,1,3,public,5,V1,no we can't see it yet
2,1,4,1,3,public,6,V2,"Nope, not yet!"
2,1,4,1,3,public,7,P,does it automatically go to voting if i ssubmite
2,1,4,1,3,public,8,P,submit***
2,1,4,1,3,public,9,V2,I guess so
2,2,4,1,1,p-v1,1,V1,hi
2,2,4,1,1,p-v1,2,P,hi
2,2,4,1,1,p-v1,3,V1,how are we dividing?
2,2,4,1,1,p-v1,4,V1,may be 15 for you and 13 for me
2,2,4,1,1,p-v1,5,V1,this will get accepted
2,2,4,1,1,p-v1,6,P,yeah
2,2,4,1,1,p-v1,7,V1,go ahead
2,2,4,1,1,p-v1,8,V1,or 15 15 is better
2,2,4,1,1,p-v1,9,V1,your call
2,2,4,1,1,p-v1,10,P,ohh cool
2,2,4,1,1,p-v1,11,V1,great
2,2,4,1,2,p-v2,1,V2,u take 15
2,2,4,1,2,p-v2,2,V2,give me 10
2,2,4,1,2,p-v2,3,P,doing that only
2,2,4,1,2,p-v2,4,V2,and give 2nd 5
2,2,4,1,2,p-v2,5,P,i'll take 16 and you take 14
2,2,4,1,2,p-v2,6,V2,ok
2,3,4,1,2,p-v2,1,V2,here's a deal
2,3,4,1,2,p-v2,2,P,what?
2,3,4,1,2,p-v2,3,V2,you take 17 and I take 13
2,3,4,1,2,p-v2,4,V2,hey
2,3,4,1,2,p-v2,5,V2,are you talking to the other guy
2,3,4,1,2,p-v2,6,P,lET ME THINK
2,3,4,1,3,public,1,P,10 each?
2,3,4,1,3,public,2,V1,theres an incentive to cheat but the odds are actually that we could all make more money in the long run if we split evenly
2,3,4,1,3,public,3,V2,hold on I'm having trouble reading this
2,3,4,1,3,public,4,V1,bc we're likely to get a 0 round for payout
2,3,4,1,3,public,5,V2,give me a sec
2,3,4,1,3,public,6,V2,this ChatTable sucks I cant scroll right
2,3,4,1,3,public,7,V1,yeah same issue
2,3,4,1,3,public,8,V2,ok honestly I agree
2,3,4,1,3,public,9,V1,payoff is determined by two random rounds
2,3,4,1,3,public,10,V1,"if one is 15 and one is 0,"
2,4,4,1,1,p-v1,1,P,hey
2,4,4,1,1,p-v1,2,P,imma give them 0a
2,4,4,1,1,p-v1,3,V1,16/14/0
2,4,4,1,1,p-v1,4,P,and just split it between us
2,4,4,1,1,p-v1,5,V1,yes
2,4,4,1,1,p-v1,6,P,aight
2,4,4,1,2,p-v2,1,V2,15/15/0?
2,5,4,1,1,p-v1,1,V1,15 you and 15 me?
2,5,4,1,1,p-v1,2,P,17/13?
2,5,4,1,4,v1-v2,1,V1,"wanna get 15 to you and 15 to me? we can reject whatever they're proposing, one of us will be chosen as a proposer and then we can split it evenly"
2,6,4,1,1,p-v1,1,P,want to split it?
2,6,4,1,3,public,1,V1,hey
2,6,4,1,3,public,2,V2,hi
2,6,4,1,3,public,3,V1,idk if you saw somebody say it before already
2,6,4,1,3,public,4,V1,but we should do 10-10-10
2,6,4,1,3,public,5,V1,more payout for everyone on average
2,6,4,1,3,public,6,V1,if we don't cheat each other
2,6,4,1,3,public,7,V2,thats fair
2,6,4,1,3,public,8,V1,I think we all want $30 at the end of this
2,6,4,1,3,public,9,V1,better than taking the risk
2,7,4,1,1,p-v1,1,V1,14/16/0?
2,7,4,1,2,p-v2,1,V2,12 for me
2,7,4,1,2,p-v2,2,V2,rest for you
2,7,4,1,2,p-v2,3,P,donee
2,8,4,1,1,p-v1,1,P,offer?
2,8,4,1,1,p-v1,2,V1,20/10
2,8,4,1,1,p-v1,3,P,done
2,8,4,1,2,p-v2,1,V2,13 17?
2,9,4,1,1,p-v1,1,V1,18/12
2,9,4,1,1,p-v1,2,V1,?
2,9,4,1,2,p-v2,1,V2,offer?
2,9,4,1,2,p-v2,2,P,"19, 11?"
2,9,4,1,2,p-v2,3,V2,done
2,9,4,1,3,public,1,P,hi
2,9,4,1,3,public,2,V2,hi
2,9,4,1,3,public,3,V1,hi
2,10,4,2,1,p-v1,1,P,ill give 11
2,10,4,2,1,p-v1,2,V1,just split equally
2,10,4,1,2,p-v2,1,V2,How about 17-13?
2,10,4,1,2,p-v2,2,P,20 10
2,10,4,1,2,p-v2,3,V2,ok
2,10,4,1,2,p-v2,4,P,cool
2,10,4,2,2,p-v2,1,P,you dont wanna accept?
2,10,4,2,2,p-v2,2,V2,yes... I misread it
2,10,4,2,2,p-v2,3,P,haha really?
2,10,4,2,2,p-v2,4,P,you up for 10?
2,10,4,2,2,p-v2,5,P,final
2,10,4,2,2,p-v2,6,V2,I am not really trying to be very truthful here :p
2,10,4,2,2,p-v2,7,V2,we can go for 18 -12?
2,10,4,2,2,p-v2,8,P,yeah
2,10,4,2,2,p-v2,9,V2,cool
2,10,4,2,3,public,1,P,lol
2,11,4,1,1,p-v1,1,P,12 18?
2,11,4,1,1,p-v1,2,V1,qho ia 12
2,11,4,1,1,p-v1,3,V1,who is `1**
2,11,4,1,1,p-v1,4,V1,12**
2,11,4,1,1,p-v1,5,V1,sorry cant type lol
2,11,4,1,1,p-v1,6,P,you lol
2,11,4,1,1,p-v1,7,V1,oh but if i say not
2,11,4,1,2,p-v2,1,P,12 18?
2,11,4,1,2,p-v2,2,V2,ok
2,11,4,2,2,p-v2,1,V2,15 15 next round?
2,11,4,2,2,p-v2,2,P,lmaoooo
2,11,4,1,3,public,1,P,eagle?
2,11,4,1,4,v1-v2,1,V1,if they offer less than 15
2,11,4,1,4,v1-v2,2,V1,vote no
2,11,4,1,4,v1-v2,3,V1,then we can allocatea
2,11,4,1,4,v1-v2,4,V2,yeah same for you
2,11,4,1,4,v1-v2,5,V1,nd give them 0
2,11,4,1,4,v1-v2,6,V1,mkay
2,11,4,2,4,v1-v2,1,V2,15 15 next round?
2,12,4,1,1,p-v1,1,P,offer?
2,12,4,1,1,p-v1,2,V1,16 12
2,12,4,1,1,p-v1,3,V1,18 12
2,12,4,1,1,p-v1,4,V1,sorry
2,12,4,1,1,p-v1,5,V1,you 18
2,12,4,1,1,p-v1,6,P,haha math is hard
2,12,4,1,1,p-v1,7,V1,i can go lower too
2,12,4,1,1,p-v1,8,P,21 9?
2,12,4,1,1,p-v1,9,V1,trust me i hate math :d
2,12,4,1,1,p-v1,10,V1,20 10 please :)
2,12,4,1,1,p-v1,11,V1,0ne extra coffee
2,12,4,1,1,p-v1,12,V1,i guess
2,12,4,1,1,p-v1,13,P,i got that offer from other guy
2,12,4,1,1,p-v1,14,V1,ok 9 21 it is
2,12,4,1,2,p-v2,1,V2,offer?
2,12,4,1,2,p-v2,2,P,you offer
2,12,4,1,2,p-v2,3,V2,20/10?
2,12,4,1,2,p-v2,4,P,done
2,12,4,1,2,p-v2,5,V2,cool
2,13,4,1,1,p-v1,1,P,Offer?
2,13,4,1,1,p-v1,2,V1,12
2,13,4,1,2,p-v2,1,P,offer?
2,13,4,1,2,p-v2,2,V2,i get 17 u get 13
2,13,4,1,2,p-v2,3,V2,bc otherwisew
2,13,4,1,2,p-v2,4,V2,we both vote noa
2,13,4,1,2,p-v2,5,V2,nd u get 0 next round
2,13,4,2,2,p-v2,1,P,cool 15 15 now
2,13,4,2,2,p-v2,2,V2,ok
2,13,4,1,4,v1-v2,1,V2,reject if less than 15
2,13,4,1,4,v1-v2,2,V2,it'l get thrown to us
2,13,4,1,4,v1-v2,3,V1,dont accept anything under 15
2,13,4,1,4,v1-v2,4,V1,ok done
2,13,4,1,4,v1-v2,5,V2,cool
2,14,4,1,1,p-v1,1,P,offer?
2,14,4,1,1,p-v1,2,P,nah?
2,14,4,1,1,p-v1,3,V1,what is the other guy doing
2,14,4,1,1,p-v1,4,P,can u beat 20 10?
2,14,4,1,1,p-v1,5,V1,thats what he offered?
2,14,4,1,1,p-v1,6,P,yes
2,14,4,1,1,p-v1,7,V1,9 21
2,14,4,1,1,p-v1,8,P,ok word
2,14,4,2,1,p-v1,1,V1,who were you
2,14,4,2,1,p-v1,2,P,code?
2,14,4,2,1,p-v1,3,V1,hardwell
2,14,4,2,1,p-v1,4,V1,oh thank god
2,14,4,2,1,p-v1,5,P,15 15?
2,14,4,2,1,p-v1,6,V1,15 15 lets do this
2,14,4,1,2,p-v2,1,V2,20 10?
2,14,4,1,2,p-v2,2,P,offer?
2,14,4,1,2,p-v2,3,P,20 10 sounds good
2,14,4,1,2,p-v2,4,V2,done
2,14,4,1,2,p-v2,5,P,20 10 it is
2,14,4,1,2,p-v2,6,V2,cool
2,14,4,2,2,p-v2,1,V2,damm
2,14,4,2,2,p-v2,2,V2,ill do 20 10
2,14,4,2,2,p-v2,3,V2,you get 20
2,14,4,1,3,public,1,V2,hi
2,14,4,2,3,public,1,P,hi
2,14,4,2,3,public,2,V2,can we just split
2,14,4,2,3,public,3,V2,12 12 8
2,14,4,2,3,public,4,V2,ill take 8
2,14,4,2,3,public,5,V1,why?
2,14,4,1,4,v1-v2,1,V1,ok before you name a price to the other guy
2,14,4,1,4,v1-v2,2,V1,lets do 15 15 and reject them
2,14,4,1,4,v1-v2,3,V2,done
2,14,4,1,4,v1-v2,4,V1,code word?
2,14,4,1,4,v1-v2,5,V1,so I know we're in it later?
2,14,4,1,4,v1-v2,6,V2,hardwell
2,14,4,1,4,v1-v2,7,V1,for sure?
2,14,4,1,4,v1-v2,8,V2,yup
2,14,4,1,4,v1-v2,9,V1,my mans Im ready to do 15 15
2,14,4,1,4,v1-v2,10,V2,same here
2,14,4,1,4,v1-v2,11,V1,im gonna lie to him about shitty offers
2,14,4,1,4,v1-v2,12,V1,so we're together
2,14,4,1,4,v1-v2,13,V2,cool
2,14,4,2,4,v1-v2,1,V1,who were you
2,14,4,2,4,v1-v2,2,V1,code word
2,14,4,2,4,v1-v2,3,V2,ill do 20 10
2,15,4,1,1,p-v1,1,V1,They're asking me to reject whatever you offer
2,15,4,1,2,p-v2,1,V2,10/20?
2,15,4,1,2,p-v2,2,P,sure
2,1,5,1,1,p-v1,1,V1,Hello
2,2,5,1,2,p-v2,1,P,I'll spit it with you 50/50 so we both get 15
2,2,5,1,2,p-v2,2,V2,yes
2,2,5,1,2,p-v2,3,V2,dont do 10 10 10
2,2,5,1,3,public,1,V2,10 10 10
2,2,5,1,3,public,2,V1,that'd be great
2,2,5,1,4,v1-v2,1,V1,do we accept?
2,3,5,1,1,p-v1,1,V1,14/0/16
2,3,5,1,3,public,1,P,10-10-10?
2,4,5,1,1,p-v1,1,V1,want to split 15$ among us?
2,4,5,1,1,p-v1,2,V1,lol
2,4,5,1,1,p-v1,3,P,The other guy offered me more
2,4,5,1,1,p-v1,4,V1,haha
2,4,5,1,1,p-v1,5,V1,12 -18 is my lowest
2,4,5,1,2,p-v2,1,V2,"Cut a deal, you 18 me 12?"
2,4,5,1,2,p-v2,2,P,okay
2,4,5,1,2,p-v2,3,V2,cool
2,4,5,1,3,public,1,P,10 each?
2,4,5,1,3,public,2,V2,Hello
2,4,5,1,3,public,3,V1,hi
2,5,5,1,1,p-v1,1,V1,13 17?
2,5,5,1,1,p-v1,2,P,bruh
2,5,5,1,1,p-v1,3,P,that was my method
2,5,5,1,1,p-v1,4,P,chill
2,5,5,1,1,p-v1,5,V1,will you give 13?
2,5,5,1,2,p-v2,1,V2,u take 18
2,5,5,1,2,p-v2,2,V2,give me 12
2,5,5,1,2,p-v2,3,V2,ok
2,5,5,1,3,public,1,P,before I do the proposal
2,5,5,1,3,public,2,P,I wanna let you guys know how we should do these
2,5,5,1,3,public,3,P,going forward
2,5,5,1,3,public,4,P,all of us want to walk out with around $30
2,5,5,1,3,public,5,P,that'd be great
2,5,5,1,3,public,6,P,so I'm proposing 10-10-10
2,5,5,1,3,public,7,V1,10 10 10 is fine
2,5,5,1,3,public,8,V2,ok
2,5,5,1,3,public,9,P,I'm hoping you guys listen and do this with other players
2,5,5,1,3,public,10,P,*other players in different rounds
2,5,5,1,3,public,11,V1,Sure
2,5,5,1,3,public,12,P,great
2,5,5,1,3,public,13,V2,ok sure
2,5,5,1,3,public,14,P,thanks
2,5,5,1,3,public,15,P,bc on average
2,5,5,1,3,public,16,P,we make more if we don't cheat
2,5,5,1,3,public,17,V1,cool
2,5,5,1,3,public,18,V1,yeah right
2,6,5,1,1,p-v1,1,P,3-7?
2,6,5,1,1,p-v1,2,V1,u take 15
2,6,5,1,1,p-v1,3,V1,give me 12
2,6,5,1,1,p-v1,4,V1,7
2,6,5,1,1,p-v1,5,P,ok!
2,6,5,1,2,p-v2,1,P,3.7?
2,6,5,1,3,public,1,P,hey?
2,6,5,1,3,public,2,V2,hey\\\\
2,6,5,1,3,public,3,V1,hi
2,6,5,1,4,v1-v2,1,V2,hey
2,6,5,1,4,v1-v2,2,V1,hi
2,6,5,1,4,v1-v2,3,V2,subject 3 is asking 3.7
2,6,5,1,4,v1-v2,4,V2,wtf
2,6,5,1,4,v1-v2,5,V1,yaa dude
2,6,5,1,4,v1-v2,6,V1,ssly
2,6,5,1,4,v1-v2,7,V2,don't acept
2,7,5,1,1,p-v1,1,P,want 12?
2,7,5,1,1,p-v1,2,V1,cool
2,7,5,1,1,p-v1,3,P,ok!
2,7,5,1,3,public,1,P,Hi
2,7,5,1,3,public,2,V2,hi
2,7,5,1,3,public,3,V1,hi
2,7,5,1,3,public,4,V2,should we do 10 each?
2,7,5,1,3,public,5,V1,yes
2,7,5,1,4,v1-v2,1,V2,lets reject if its anything else
2,7,5,1,4,v1-v2,2,V2,?
2,7,5,1,4,v1-v2,3,V1,ok
2,8,5,1,2,p-v2,1,V2,18/12
2,8,5,1,2,p-v2,2,V2,12 for me obviously
2,8,5,1,2,p-v2,3,P,20/10
2,8,5,1,2,p-v2,4,V2,ok
2,8,5,1,3,public,1,V1,hi
2,8,5,1,3,public,2,V1,how do you guys want to do it;
2,8,5,1,3,public,3,V1,?
2,9,5,1,1,p-v1,1,V1,I
2,9,5,1,1,p-v1,2,V1,can do leasser than the other subjects offer
2,9,5,1,1,p-v1,3,V1,12 and 18
2,9,5,1,1,p-v1,4,V1,11 and 19?
2,9,5,1,1,p-v1,5,V1,10 and 20
2,9,5,1,1,p-v1,6,P,it's already 9 and 21 with other
2,9,5,1,1,p-v1,7,V1,8 then
2,9,5,1,1,p-v1,8,P,deal
2,9,5,2,1,p-v1,1,P,whats your offer
2,9,5,2,1,p-v1,2,V1,10 each sounds like a deal
2,9,5,2,1,p-v1,3,P,cool
2,9,5,1,2,p-v2,1,V2,12 for me rest for you
2,9,5,1,2,p-v2,2,V2,or 10/20?
2,9,5,2,2,p-v2,1,V2,10 for me rest for you
2,9,5,2,2,p-v2,2,P,cool
2,9,5,2,3,public,1,V2,10 foreach
2,9,5,1,4,v1-v2,1,V1,he wants 9 21
2,9,5,2,4,v1-v2,1,V2,10 for each
2,9,5,2,4,v1-v2,2,V2,?
2,9,5,2,4,v1-v2,3,V2,i will reject if its less than 10
2,9,5,2,4,v1-v2,4,V1,okay
2,10,5,1,1,p-v1,1,P,18 12?
2,10,5,1,1,p-v1,2,V1,ok
2,10,5,1,1,p-v1,3,P,16 14?
2,10,5,1,1,p-v1,4,V1,yeah sure
2,10,5,1,2,p-v2,1,P,18 12?
2,10,5,1,2,p-v2,2,V2,can i get 18 tho
2,10,5,1,2,p-v2,3,V2,bc tbh
2,10,5,1,2,p-v2,4,V2,if we both say no
2,10,5,1,2,p-v2,5,V2,like me and 2
2,10,5,1,2,p-v2,6,V2,it gets thrown to usa
2,10,5,1,2,p-v2,7,V2,nd we allocate
2,10,5,1,2,p-v2,8,V2,and u might get 0
2,10,5,1,2,p-v2,9,P,16 14?
2,10,5,1,2,p-v2,10,V2,i get 16
2,10,5,1,3,public,1,P,hi
2,10,5,1,4,v1-v2,1,V2,if they offer anything less than 15
2,10,5,1,4,v1-v2,2,V2,say no
2,10,5,1,4,v1-v2,3,V2,if we both vote no
2,10,5,1,4,v1-v2,4,V2,it gets thrown to us
2,10,5,1,4,v1-v2,5,V2,we can do better
2,10,5,1,4,v1-v2,6,V1,ok
2,10,5,1,4,v1-v2,7,V1,you do the same
2,10,5,1,4,v1-v2,8,V2,yeah
2,11,5,2,1,p-v1,1,V1,12 ?
2,11,5,2,1,p-v1,2,P,yo who were you in the last round
2,11,5,2,1,p-v1,3,V1,the 12 one
2,11,5,1,2,p-v2,1,V2,12/0/18?
2,11,5,1,2,p-v2,2,P,ok
2,11,5,2,2,p-v2,1,P,who were you in the last round
2,11,5,2,2,p-v2,2,V2,3
2,11,5,2,2,p-v2,3,P,proposer?
2,11,5,2,2,p-v2,4,V2,nope
2,11,5,2,2,p-v2,5,V2,propser was 1
2,11,5,2,2,p-v2,6,P,ok
2,11,5,2,2,p-v2,7,V2,15-15
2,11,5,2,2,p-v2,8,P,so 15 15
2,11,5,2,2,p-v2,9,V2,?
2,11,5,2,2,p-v2,10,P,good
2,11,5,2,2,p-v2,11,V2,yeah
2,11,5,1,4,v1-v2,1,V1,my mans
2,11,5,1,4,v1-v2,2,V1,we must team up
2,11,5,1,4,v1-v2,3,V1,15 15
2,11,5,1,4,v1-v2,4,V2,cool
2,12,5,2,1,p-v1,1,P,ok who were you in the last round
2,12,5,2,1,p-v1,2,V1,I was the proposer
2,12,5,2,2,p-v2,1,P,yo who were you in the last round
2,12,5,2,2,p-v2,2,V2,007?
2,12,5,2,2,p-v2,3,P,nice
2,12,5,2,2,p-v2,4,P,ok 15 15
2,12,5,2,2,p-v2,5,V2,ok
2,12,5,1,3,public,1,V2,10-10-10?
2,12,5,1,4,v1-v2,1,V2,yo
2,12,5,1,4,v1-v2,2,V2,we cut a deal
2,12,5,1,4,v1-v2,3,V1,sue
2,12,5,1,4,v1-v2,4,V2,15 15 each if we reject the proposal
2,12,5,1,4,v1-v2,5,V1,sure
2,12,5,1,4,v1-v2,6,V2,code word?
2,12,5,1,4,v1-v2,7,V1,7
2,12,5,1,4,v1-v2,8,V2,lol ok
2,12,5,1,4,v1-v2,9,V1,cool?
2,12,5,1,4,v1-v2,10,V1,don't ditch
2,12,5,1,4,v1-v2,11,V2,bruh I wont
2,12,5,1,4,v1-v2,12,V2,other people have?
2,12,5,1,4,v1-v2,13,V1,yeah
2,12,5,1,4,v1-v2,14,V2,why would I ditch 15 15
2,12,5,1,4,v1-v2,15,V2,I dont see how it gets better than that
2,12,5,1,4,v1-v2,16,V1,lol okay
2,12,5,1,4,v1-v2,17,V1,
2,13,5,1,1,p-v1,1,P,14/16/0?
2,13,5,1,1,p-v1,2,V1,done
2,13,5,2,1,p-v1,1,V1,i rejected 14
2,13,5,2,1,p-v1,2,V1,please give me 15 this round
2,13,5,1,2,p-v2,1,P,0/16/14?
2,13,5,1,2,p-v2,2,V2,yeah
2,13,5,2,2,p-v2,1,V2,you keep 18
2,13,5,2,2,p-v2,2,V2,give me 12
2,13,5,1,4,v1-v2,1,V2,reject if they offer you less than 15
2,13,5,1,4,v1-v2,2,V1,lets not accept anything less than 15?
2,13,5,1,4,v1-v2,3,V1,yeahh
2,13,5,1,4,v1-v2,4,V2,we can split it next round
2,13,5,1,4,v1-v2,5,V1,done
2,14,5,1,1,p-v1,1,V1,22 8
2,14,5,1,1,p-v1,2,V1,i can go lower
2,14,5,3,1,p-v1,1,V1,u 20 i 10
2,14,5,1,2,p-v2,1,V2,12 18?
2,14,5,2,2,p-v2,1,V2,15 15
2,14,5,2,2,p-v2,2,P,20 10
2,14,5,2,2,p-v2,3,V2,ok
2,14,5,3,2,p-v2,1,P,15 15?
2,14,5,3,2,p-v2,2,V2,sure
2,14,5,1,4,v1-v2,1,V2,reject anything below 15
2,14,5,1,4,v1-v2,2,V2,we will split it next round
2,14,5,1,4,v1-v2,3,V1,deal
2,15,5,1,1,p-v1,1,P,offer?
2,15,5,1,2,p-v2,1,P,offer?
2,15,5,1,2,p-v2,2,V2,11-19?
2,15,5,1,2,p-v2,3,P,done
2,15,5,1,2,p-v2,4,V2,or 20-10
2,15,5,1,2,p-v2,5,V2,cool
2,15,5,1,2,p-v2,6,P,11 19 :)
2,15,5,1,2,p-v2,7,V2,thanks
2,15,5,1,3,public,1,V2,Hello!
2,15,5,1,4,v1-v2,1,V1,hey
2,15,5,1,4,v1-v2,2,V1,15 15 in next round code owrd 007
2,15,5,1,4,v1-v2,3,V1,"reject everything, promise"
2,1,6,1,1,p-v1,1,V1,want to split 15$ between the two of us?
2,1,6,1,1,p-v1,2,V1,lol
2,1,6,1,1,p-v1,3,P,hahaha
2,1,6,1,1,p-v1,4,P,im down
2,1,6,1,1,p-v1,5,V1,cool
2,1,6,1,1,p-v1,6,P,lol nice
2,1,6,1,3,public,1,P,hi
2,1,6,1,3,public,2,V1,hey
2,1,6,1,3,public,3,P,what are yall thinking of doing
2,1,6,1,3,public,4,V2,accept i guess
2,1,6,1,3,public,5,V1,yeah
2,1,6,1,4,v1-v2,1,V2,lets accept
2,1,6,1,4,v1-v2,2,V2,there?
2,1,6,1,4,v1-v2,3,V1,yup
2,1,6,1,4,v1-v2,4,V2,cool lets accept
2,1,6,1,4,v1-v2,5,V1,im willing to accept anything thats fair
2,1,6,1,4,v1-v2,6,V2,but we wont know the distributionright?
2,1,6,1,4,v1-v2,7,V1,we will at the end of the ChatTable time
2,1,6,1,4,v1-v2,8,V2,cool cool
2,2,6,1,3,public,1,V2,hello
2,2,6,1,3,public,2,P,hey
2,2,6,1,3,public,3,V2,whats the plan
2,2,6,1,3,public,4,V1,Eqal Shares Agree?
2,2,6,1,3,public,5,P,even stevens?
2,2,6,1,3,public,6,V2,mkayy
2,2,6,1,3,public,7,V1,equal shares?
2,2,6,1,3,public,8,V2,i think thats whats happening
2,3,6,1,2,p-v2,1,V2,want to split 15$ between us?
2,3,6,1,2,p-v2,2,P,how about 16 14?
2,3,6,1,2,p-v2,3,V2,sure
2,3,6,1,3,public,1,V1,10 for each?
2,3,6,1,3,public,2,V1,lets do it quick and go to next round
2,3,6,1,3,public,3,V2,haha
2,3,6,1,3,public,4,V1,please be kind...
2,3,6,1,3,public,5,V1,lol
2,4,6,1,1,p-v1,1,V1,how are you dividing?
2,4,6,1,1,p-v1,2,P,offer?
2,4,6,1,1,p-v1,3,V1,19 for you 11 for me?
2,4,6,1,1,p-v1,4,P,done
2,4,6,1,1,p-v1,5,V1,cool
2,4,6,1,2,p-v2,1,P,offer?
2,4,6,1,2,p-v2,2,V2,"20 you, 10 me"
2,4,6,1,2,p-v2,3,P,done
2,4,6,1,2,p-v2,4,V2,cool
2,4,6,1,3,public,1,V2,10 each?
2,5,6,1,1,p-v1,1,V1,hey wanna split between us? lol
2,5,6,1,2,p-v2,1,V2,18 and 12?
2,5,6,1,2,p-v2,2,P,i like that
2,5,6,1,2,p-v2,3,V2,let's goo
2,5,6,1,3,public,1,P,hi
2,5,6,1,3,public,2,V1,hey
2,6,6,1,1,p-v1,1,V1,split 15 15?
2,6,6,1,1,p-v1,2,V1,I'll do 18 12
2,6,6,1,2,p-v2,1,V2,want to do 18 and 12
2,6,6,1,2,p-v2,2,P,yeah
2,6,6,1,2,p-v2,3,V2,cool
2,6,6,1,3,public,1,P,hi
2,7,6,1,1,p-v1,1,P,offer?
2,7,6,1,1,p-v1,2,V1,17/13
2,7,6,1,1,p-v1,3,P,20/10
2,7,6,1,1,p-v1,4,V1,but if i vote no
2,7,6,1,1,p-v1,5,V1,then you dont get anything
2,7,6,1,1,p-v1,6,V1,it moves to one of us
2,7,6,1,1,p-v1,7,V1,think about it
2,7,6,1,1,p-v1,8,P,its on my allocation
2,7,6,1,1,p-v1,9,V1,sure
2,7,6,1,1,p-v1,10,V1,up to you
2,7,6,1,1,p-v1,11,P,sure
2,7,6,1,1,p-v1,12,V1,
2,7,6,2,1,p-v1,1,P,20/10 final
2,7,6,2,1,p-v1,2,V1,okay
2,7,6,3,1,p-v1,1,P,there we go
2,7,6,3,1,p-v1,2,P,aight 15/15
2,7,6,3,1,p-v1,3,V1,yeahh
2,7,6,3,1,p-v1,4,V1,yeah 15 each
2,7,6,1,2,p-v2,1,P,offer?
2,7,6,1,2,p-v2,2,V2,20/10
2,7,6,1,2,p-v2,3,P,22/8
2,7,6,1,2,p-v2,4,V2,yeah
2,7,6,1,2,p-v2,5,V2,he also gave me an offer
2,7,6,1,2,p-v2,6,P,
2,7,6,2,2,p-v2,1,P,20/10 final
2,7,6,2,2,p-v2,2,V2,16/14 final?
2,7,6,2,2,p-v2,3,P,18/12
2,7,6,2,2,p-v2,4,V2,ok done
2,7,6,1,4,v1-v2,1,V1,if u do any offer tht gives u less than 15
2,7,6,1,4,v1-v2,2,V1,like 16/14
2,7,6,1,4,v1-v2,3,V1,u might as well vote no
2,7,6,1,4,v1-v2,4,V1,then it'll be passed to one of us
2,7,6,1,4,v1-v2,5,V1,and then you'll make more
2,7,6,1,4,v1-v2,6,V1,i promise
2,7,6,1,4,v1-v2,7,V2,yeahh
2,7,6,1,4,v1-v2,8,V1,mhmm
2,7,6,1,4,v1-v2,9,V2,lets do this
2,7,6,1,4,v1-v2,10,V1,so vote no
2,7,6,1,4,v1-v2,11,V1,mkay
2,7,6,1,4,v1-v2,12,V2,if i am proposer next round I'll split 15 each
2,7,6,1,4,v1-v2,13,V1,yeah same
2,7,6,2,4,v1-v2,1,V2,how is he getting another chance
2,8,6,1,1,p-v1,1,P,17 13?
2,8,6,1,1,p-v1,2,V1,Yes!
2,8,6,1,1,p-v1,3,V1,Cool
2,8,6,1,1,p-v1,4,V1,18-12
2,8,6,1,2,p-v2,1,P,17 13?
2,8,6,1,2,p-v2,2,V2,sure
2,8,6,1,2,p-v2,3,P,18 12?
2,8,6,1,2,p-v2,4,V2,15 10 5?
2,8,6,1,3,public,1,V1,Hi
2,8,6,1,3,public,2,P,hi
2,8,6,1,3,public,3,V2,equal split?
2,8,6,1,3,public,4,V1,Yea
2,9,6,1,1,p-v1,1,V1,10 20??
2,9,6,1,1,p-v1,2,P,Cool!
2,9,6,1,1,p-v1,3,V1,cool ill accept
2,9,6,1,1,p-v1,4,P,I'll give you 11
2,9,6,1,1,p-v1,5,V1,go ahead and propose
2,9,6,1,1,p-v1,6,V1,cool
2,9,6,1,2,p-v2,1,V2,we should split evenly between us all
2,9,6,1,3,public,1,P,Hey!
2,9,6,1,3,public,2,V2,hi!
2,9,6,1,3,public,3,V2,we should split evenly
2,10,6,1,1,p-v1,1,V1,what do you want?
2,10,6,1,1,p-v1,2,P,10 for u
2,10,6,1,1,p-v1,3,V1,13/17
2,10,6,2,1,p-v1,1,P,whats your offeer
2,10,6,2,1,p-v1,2,P,offer
2,10,6,2,1,p-v1,3,P,i dont like the other guy
2,10,6,2,1,p-v1,4,V1,hm 16 me 14 you?
2,10,6,1,2,p-v2,1,V2,hey hey lets team up
2,10,6,1,2,p-v2,2,V2,do 15 15 together
2,10,6,1,2,p-v2,3,P,10 and 20
2,10,6,1,2,p-v2,4,V2,lol ok
2,10,6,2,2,p-v2,1,P,you said ok
2,10,6,2,2,p-v2,2,V2,bruh my bad
2,10,6,2,2,p-v2,3,P,nah man
2,10,6,2,2,p-v2,4,V2,nooo
2,10,6,2,2,p-v2,5,V2,listen
2,10,6,2,2,p-v2,6,V2,9 21
2,10,6,2,2,p-v2,7,P,are you sure
2,10,6,2,2,p-v2,8,P,I'll give u 10
2,10,6,3,2,p-v2,1,P,straberry racoons
2,10,6,3,2,p-v2,2,V2,strawberry raccoons
2,10,6,3,2,p-v2,3,V2,did I spell that right
2,10,6,2,3,public,1,P,10 each?
2,10,6,2,3,public,2,V2,ok fine
2,10,6,2,3,public,3,V1,fine
2,10,6,1,4,v1-v2,1,V2,hey whats the other guy's offer
2,10,6,1,4,v1-v2,2,V1,we cam reject and then split evenly between us
2,10,6,1,4,v1-v2,3,V2,im down
2,10,6,2,4,v1-v2,1,V2,yo who were you
2,10,6,2,4,v1-v2,2,V1,okay reject again whatever it is
2,10,6,2,4,v1-v2,3,V1,still going for 15/15?
2,10,6,2,4,v1-v2,4,V2,yes man
2,10,6,2,4,v1-v2,5,V2,code word?
2,10,6,2,4,v1-v2,6,V1,strawberry racoons
2,10,6,2,4,v1-v2,7,V2,great
2,10,6,2,4,v1-v2,8,V2,reject
2,10,6,2,4,v1-v2,9,V1,will do
2,10,6,2,4,v1-v2,10,V2,and we split 15 15
2,10,6,2,4,v1-v2,11,V1,it's more than we get from them anyway
2,10,6,2,4,v1-v2,12,V2,exactly
2,10,6,2,4,v1-v2,13,V2,yo you're not collabing with this guy are you
2,10,6,2,4,v1-v2,14,V1,nope
2,10,6,2,4,v1-v2,15,V2,should we take 10 each? or just 15 15
2,10,6,2,4,v1-v2,16,V1,this is a better deal either way
2,10,6,2,4,v1-v2,17,V2,:(
2,10,6,2,4,v1-v2,18,V2,but its sneaky
2,10,6,2,4,v1-v2,19,V2,yea ok fine
2,10,6,2,4,v1-v2,20,V2,strawberry racoons
2,10,6,2,4,v1-v2,21,V1,isn't it the point of a game?
2,10,6,2,4,v1-v2,22,V2,ruthless
2,10,6,2,4,v1-v2,23,V2,reject
2,10,6,2,4,v1-v2,24,V1,strawberry racoons are ruthless y'know
2,11,6,1,1,p-v1,1,P,20/10?
2,11,6,1,1,p-v1,2,V1,done
2,11,6,1,2,p-v2,1,V2,20/10?
2,11,6,1,2,p-v2,2,V2,or how about 15/15?
2,11,6,1,4,v1-v2,1,V1,don't accept anything less than 15
2,11,6,1,4,v1-v2,2,V1,next round we'll split equally?
2,11,6,1,4,v1-v2,3,V2,thats fair
2,11,6,1,4,v1-v2,4,V1,yeahh
2,12,6,1,1,p-v1,1,V1,18 - 12?
2,12,6,1,1,p-v1,2,P,have an offer for 21/9
2,12,6,1,1,p-v1,3,P,will you accept 8?
2,12,6,1,1,p-v1,4,V1,I'm not sure. Better than 0 but seems too low
2,12,6,2,1,p-v1,1,V1,hey
2,12,6,2,1,p-v1,2,V1,20/10?
2,12,6,1,4,v1-v2,1,V2,reject if they offer less than 15
2,12,6,1,4,v1-v2,2,V2,then we split next round
2,12,6,1,4,v1-v2,3,V1,ok
2,13,6,1,1,p-v1,1,V1,12 18?
2,13,6,1,1,p-v1,2,P,done
2,13,6,3,2,p-v2,1,V2,15/15?
2,13,6,3,2,p-v2,2,P,13 17?
2,13,6,3,2,p-v2,3,V2,they were unfair to both of us earlier
2,13,6,3,2,p-v2,4,P,yeah
2,13,6,3,2,p-v2,5,V2,14/16 would be great
2,13,6,3,2,p-v2,6,P,okay cool
2,13,6,3,3,public,1,V1,I'm getting 0... it seems
2,13,6,3,3,public,2,V1,You guys have already decided that
2,13,6,1,4,v1-v2,1,V2,do you want to reject and split 15/15
2,13,6,1,4,v1-v2,2,V1,if unfair next round 15 each?
2,13,6,2,4,v1-v2,1,V2,what were you saying?
2,13,6,2,4,v1-v2,2,V2,it erased
2,13,6,2,4,v1-v2,3,V1,reject if unfaior
2,14,6,1,1,p-v1,1,P,15/15/0?
2,14,6,1,1,p-v1,2,V1,sure
2,14,6,1,2,p-v2,1,V2,"21, 9?"
2,14,6,1,3,public,1,V2,hi
2,15,6,1,1,p-v1,1,P,ok before you guys start collabing
2,15,6,1,1,p-v1,2,P,lets do 15 15 each
2,15,6,1,1,p-v1,3,P,I need to know youre with me on this
2,15,6,1,1,p-v1,4,V1,sure
2,15,6,1,1,p-v1,5,P,code word just in case?
2,15,6,1,1,p-v1,6,P,yo
2,15,6,1,1,p-v1,7,V1,sure
2,15,6,1,1,p-v1,8,P,tapatio sauce
2,15,6,1,2,p-v2,1,V2,what are you thinking
2,15,6,1,2,p-v2,2,V2,we can split between 3 of us but not equally
2,15,6,1,2,p-v2,3,V2,you'll get the most
2,15,6,1,2,p-v2,4,P,sorry man really
2,15,6,1,3,public,1,V1,equal split?
2,15,6,1,3,public,2,V2,last round so we can make sure noone leaves empty handed
2,1,7,1,3,public,1,V1,guys be fair and divide equally
2,1,7,1,3,public,2,V1,Agree?
2,1,7,1,3,public,3,V2,Yeah 10 each
2,1,7,1,3,public,4,V1,yes
2,1,7,1,3,public,5,V2,cool!
2,1,7,1,3,public,6,P,Sure. we will go for 10 each
2,2,7,1,3,public,1,V2,10 each
2,2,7,1,3,public,2,V2,?/
2,2,7,1,3,public,3,V1,yup
2,2,7,1,3,public,4,P,yeah
2,2,7,1,3,public,5,P,
2,3,7,1,2,p-v2,1,V2,how are you dividing
2,3,7,1,2,p-v2,2,V2,maybe 17 for you and 10 for me
2,3,7,1,2,p-v2,3,P,ok
2,3,7,1,3,public,1,V1,manskh kakadiya?
2,3,7,1,3,public,2,P,hey
2,3,7,1,3,public,3,V2,naa bhai
2,3,7,1,3,public,4,P,no names please
2,3,7,1,3,public,5,V1,equal shares guys?
2,4,7,1,1,p-v1,1,V1,hey
2,4,7,1,1,p-v1,2,V1,you keep 17 give me 13?
2,4,7,1,1,p-v1,3,P,hey
2,4,7,1,1,p-v1,4,P,9 and 21
2,4,7,1,1,p-v1,5,V1,come on?
2,4,7,1,1,p-v1,6,P,already have an offer of 10 20
2,4,7,1,1,p-v1,7,V1,ok 9 21
2,4,7,1,1,p-v1,8,P,cool
2,4,7,1,2,p-v2,1,V2,hello
2,4,7,1,2,p-v2,2,V2,how we dividing?
2,4,7,1,2,p-v2,3,V2,may be 18 for you and 10 for me
2,4,7,1,2,p-v2,4,P,"i give you 10, will you accep?"
2,4,7,1,2,p-v2,5,V2,ok
2,4,7,1,2,p-v2,6,P,cool
2,4,7,1,2,p-v2,7,V2,go ahead
2,4,7,1,2,p-v2,8,V2,proposing?
2,4,7,1,2,p-v2,9,P,8 22?
2,4,7,1,2,p-v2,10,P,have an offer for 9
2,4,7,1,2,p-v2,11,V2,I'm up for 8
2,4,7,1,2,p-v2,12,P,cool
2,4,7,1,4,v1-v2,1,V2,hey is proposer giving 9?
2,5,7,1,1,p-v1,1,V1,"Let's make a deal, you 18, me 12?"
2,5,7,1,1,p-v1,2,P,21 9
2,5,7,1,1,p-v1,3,V1,"Nop1!, 18 12?"
2,5,7,1,3,public,1,V1,Hello!
2,5,7,1,3,public,2,V2,Hey
2,5,7,1,3,public,3,V2,How about 10 each?
2,6,7,1,1,p-v1,1,V1,you take 17 give me 13?
2,6,7,1,1,p-v1,2,P,19 11?
2,6,7,1,1,p-v1,3,V1,done
2,6,7,1,2,p-v2,1,V2,0/14/16?
2,6,7,1,2,p-v2,2,P,0/21/9?
2,6,7,1,2,p-v2,3,V2,ok
2,6,7,1,3,public,1,P,Hello
2,7,7,1,1,p-v1,1,V1,15 you 15 me?
2,7,7,1,2,p-v2,1,V2,what's up?
2,7,7,1,2,p-v2,2,V2,"20, 10?"
2,7,7,1,2,p-v2,3,V2,"20 for you, 10 for me?"
2,7,7,1,2,p-v2,4,V2,what say?
2,7,7,1,2,p-v2,5,P,ok. take 12
2,7,7,1,2,p-v2,6,V2,ok
2,7,7,1,4,v1-v2,1,V1,so look here's the deal: we can get 16 me 14 you (or the other way around) if we reject whatever deal they give us
2,7,7,1,4,v1-v2,2,V1,next round one of us will be chosen as a proposer
2,8,7,2,1,p-v1,1,V1,15 15?
2,8,7,2,1,p-v1,2,P,yeah
2,8,7,2,1,p-v1,3,V1,cool
2,8,7,2,1,p-v1,4,V1,deal
2,8,7,2,2,p-v2,1,P,20/10
2,8,7,1,4,v1-v2,1,V1,if you get any offer less than 15
2,8,7,1,4,v1-v2,2,V1,say nob
2,8,7,1,4,v1-v2,3,V2,ya sure
2,8,7,1,4,v1-v2,4,V1,bc if we both reject
2,8,7,1,4,v1-v2,5,V1,next round
2,8,7,2,4,v1-v2,1,V1,reject anything below 15
2,8,7,2,4,v1-v2,2,V1,we can split in the next round
2,9,7,1,2,p-v2,1,P,15?
2,9,7,1,2,p-v2,2,V2,yeah sure
2,9,7,1,3,public,1,V1,Subject 2 - You're awesome!
2,9,7,1,3,public,2,P,thanks fam
2,10,7,1,2,p-v2,1,V2,19 11?
2,10,7,1,2,p-v2,2,P,offer?
2,10,7,1,2,p-v2,3,P,done
2,10,7,1,3,public,1,V1,eagle?
2,11,7,1,1,p-v1,1,P,offfer?
2,11,7,1,1,p-v1,2,V1,/9
2,11,7,1,1,p-v1,3,V1,44154
2,11,7,1,2,p-v2,1,P,offer?
2,11,7,1,2,p-v2,2,V2,44124
2,11,7,1,2,p-v2,3,P,done
2,12,7,1,2,p-v2,1,V2,12 for me rest for you
2,12,7,2,2,p-v2,1,V2,yeah so 15 15 now
2,12,7,2,2,p-v2,2,P,okay
2,12,7,1,4,v1-v2,1,V1,if they offer u less than 15
2,12,7,1,4,v1-v2,2,V1,say no
2,13,7,1,2,p-v2,1,V2,12 for me rest for you
2,14,7,1,1,p-v1,1,P,offer?
2,14,7,1,1,p-v1,2,V1,12 18
2,14,7,1,1,p-v1,3,V1,if you have lesser offer let me know
2,14,7,1,1,p-v1,4,V1,ill do 10
2,14,7,1,1,p-v1,5,P,21 9?
2,14,7,1,1,p-v1,6,V1,yeah
2,14,7,1,2,p-v2,1,V2,hey
2,14,7,1,2,p-v2,2,V2,20/10?
2,14,7,1,2,p-v2,3,P,done
2,14,7,1,2,p-v2,4,V2,great
2,14,7,1,2,p-v2,5,V2,propose
2,15,7,1,2,p-v2,1,V2,12 18?
2,15,7,1,2,p-v2,2,P,lets just go 15 15?
2,15,7,1,2,p-v2,3,V2,yes
2,15,7,1,4,v1-v2,1,V1,reject less than 15
2,15,7,1,4,v1-v2,2,V1,will split evenly
2,15,7,1,4,v1-v2,3,V2,cool
2,15,7,1,4,v1-v2,4,V1,next round
2,15,7,1,4,v1-v2,5,V2,next round 15 each
2,15,7,1,4,v1-v2,6,V1,yeahh
2,1,8,1,3,public,1,V2,hi
2,1,8,1,3,public,2,P,hi
2,1,8,1,3,public,3,V2,10/10/10?
2,1,8,1,3,public,4,P,how about 10 each
2,1,8,1,3,public,5,V2,yes
2,1,8,1,3,public,6,P,yeah
2,1,8,1,3,public,7,V2,let's be fair
2,1,8,1,4,v1-v2,1,V1,the best way to do it is by splitting it 15/15/0
2,1,8,1,4,v1-v2,2,V2,but its too mean...
2,2,8,1,1,p-v1,1,V1,ok
2,2,8,1,1,p-v1,2,V1,lets cut a deal!
2,2,8,1,1,p-v1,3,V1,name your price
2,2,8,1,1,p-v1,4,P,15 each
2,2,8,1,1,p-v1,5,V1,"I dont trust that, you might cut a deal with the other guy still"
2,2,8,1,1,p-v1,6,V1,17 you 13 to me
2,2,8,1,1,p-v1,7,P,"sounds great, i will submit"
2,2,8,1,3,public,1,V2,hi
2,2,8,1,3,public,2,V1,hey
2,2,8,1,3,public,3,P,hello
2,2,8,1,3,public,4,V2,how are we dividing the amount?
2,2,8,1,3,public,5,V1,equally
2,2,8,1,3,public,6,V2,cool
2,2,8,1,3,public,7,V1,can we do cents?
2,2,8,1,3,public,8,V2,as in?
2,3,8,1,3,public,1,P,10 each ?
2,3,8,1,3,public,2,V2,works
2,3,8,1,3,public,3,V1,share equally?
2,4,8,1,2,p-v2,1,V2,17/0/13?
2,4,8,1,2,p-v2,2,P,i'll do 10/10/10
2,4,8,1,3,public,1,V1,before we start doing side ChatTables
2,4,8,1,3,public,2,V1,I honestly believe if we split 10 per person it'd be best for everyone
2,4,8,1,3,public,3,V1,be best
2,4,8,1,3,public,4,P,ok
2,4,8,1,3,public,5,V1,on average if we keep doing this method for every round
2,4,8,1,3,public,6,V1,instead of cheating
2,4,8,1,3,public,7,V1,likely to make more by the end
2,4,8,1,3,public,8,V1,sorry for the short messages
2,5,8,1,2,p-v2,1,V2,12 for me rest for you
2,5,8,1,2,p-v2,2,P,cool
2,6,8,1,1,p-v1,1,V1,offer?
2,6,8,1,1,p-v1,2,P,20/10
2,6,8,1,1,p-v1,3,V1,done
2,6,8,1,1,p-v1,4,P,mkay
2,6,8,1,2,p-v2,1,V2,0/15/15?
2,7,8,1,3,public,1,P,hi
2,7,8,1,3,public,2,V2,equal split?
2,7,8,1,3,public,3,V1,yup
2,7,8,1,3,public,4,P,im down
2,7,8,1,3,public,5,V2,cool
2,8,8,1,1,p-v1,1,V1,alright
2,8,8,1,2,p-v2,1,V2,18 and 12?
2,8,8,1,2,p-v2,2,P,done
2,8,8,1,3,public,1,V1,guy's
2,8,8,1,3,public,2,V2,yo
2,8,8,1,3,public,3,V1,*guys
2,9,8,1,1,p-v1,1,P,20 10?
2,9,8,1,1,p-v1,2,V1,ok
2,9,8,1,1,p-v1,3,V1,otherwise ill get 0 lol
2,9,8,1,1,p-v1,4,V1,happy with 10 given the scenario
2,9,8,1,1,p-v1,5,P,ok
2,9,8,2,1,p-v1,1,P,18 12?
2,9,8,2,1,p-v1,2,V1,ok
2,9,8,3,1,p-v1,1,V1,eagle
2,9,8,3,1,p-v1,2,V1,15 15?
2,9,8,3,1,p-v1,3,P,good
2,9,8,3,1,p-v1,4,P,yea we got this
2,9,8,3,1,p-v1,5,V1,awsome
2,9,8,3,1,p-v1,6,V1,unless you decide to cheat now lol
2,9,8,3,1,p-v1,7,P,eagle if youre with me in other rounds too
2,9,8,3,1,p-v1,8,P,no man I got u
2,9,8,3,1,p-v1,9,V1,oh cool
2,9,8,3,1,p-v1,10,V1,im cat
2,9,8,1,2,p-v2,1,V2,alright
2,9,8,1,2,p-v2,2,P,20 10?
2,9,8,1,2,p-v2,3,V2,im down
2,9,8,1,2,p-v2,4,V2,what is the other guy offering
2,9,8,1,2,p-v2,5,V2,let me know so I can counter
2,9,8,1,2,p-v2,6,V2,if I have to
2,9,8,1,2,p-v2,7,P,20 10?
2,9,8,2,2,p-v2,1,V2,which one were you
2,9,8,2,2,p-v2,2,P,18 12?
2,9,8,2,2,p-v2,3,V2,sure
2,9,8,3,2,p-v2,1,V2,"fair deal, 16 14?"
2,9,8,1,3,public,1,P,hi
2,9,8,2,3,public,1,P,hi
2,9,8,1,4,v1-v2,1,V1,reject anything below 15 15
2,9,8,1,4,v1-v2,2,V1,we can split in next round
2,9,8,1,4,v1-v2,3,V1,cool?
2,9,8,1,4,v1-v2,4,V2,ok
2,9,8,1,4,v1-v2,5,V2,how do I know its you
2,9,8,1,4,v1-v2,6,V1,i will be subject 1
2,9,8,1,4,v1-v2,7,V2,sometimes its the same proposer in the next round
2,9,8,1,4,v1-v2,8,V1,the number will remain same
2,9,8,1,4,v1-v2,9,V2,we need code names
2,9,8,1,4,v1-v2,10,V1,its random
2,9,8,2,4,v1-v2,1,V1,lol
2,9,8,2,4,v1-v2,2,V1,again its him
2,9,8,2,4,v1-v2,3,V2,which one were you
2,9,8,2,4,v1-v2,4,V1,reject anything below 15
2,9,8,2,4,v1-v2,5,V2,yea I told you
2,9,8,2,4,v1-v2,6,V1,wait
2,9,8,2,4,v1-v2,7,V2,code name is eagle
2,9,8,2,4,v1-v2,8,V2,we team and split 15 15
2,9,8,2,4,v1-v2,9,V1,next time it will switch
2,9,8,2,4,v1-v2,10,V1,ya sure
2,9,8,2,4,v1-v2,11,V2,dude
2,9,8,2,4,v1-v2,12,V2,as long as we code name we got this
2,9,8,2,4,v1-v2,13,V2,eagle
2,9,8,2,4,v1-v2,14,V2,ok?
2,9,8,2,4,v1-v2,15,V1,ok eagle
2,10,8,1,1,p-v1,1,V1,12 for me rest for you?
2,10,8,1,2,p-v2,1,V2,hey
2,10,8,1,2,p-v2,2,V2,18/12?
2,11,8,1,1,p-v1,1,V1,18 and 12
2,11,8,1,1,p-v1,2,V1,??
2,11,8,1,1,p-v1,3,V1,i can go lower
2,11,8,1,1,p-v1,4,V1,18 you
2,11,8,1,1,p-v1,5,P,they're offering the same one
2,11,8,1,1,p-v1,6,V1,10 and 20
2,11,8,1,1,p-v1,7,P,deal
2,11,8,1,1,p-v1,8,V1,deal
2,11,8,1,2,p-v2,1,V2,18 and 12?
2,11,8,1,4,v1-v2,1,V2,10 each?
2,11,8,1,4,v1-v2,2,V1,sure
2,12,8,1,3,public,1,V1,10 each?
2,12,8,1,4,v1-v2,1,V2,lets not accept anything less than 15?
2,12,8,1,4,v1-v2,2,V2,next round we'll split equal
2,12,8,1,4,v1-v2,3,V1,dude i had you in the last round
2,13,8,1,1,p-v1,1,V1,20 10?
2,13,8,1,1,p-v1,2,V1,you get 20
2,13,8,1,1,p-v1,3,P,they are offering same
2,13,8,1,1,p-v1,4,V1,22 8?
2,13,8,1,1,p-v1,5,P,wow want 246
2,13,8,1,1,p-v1,6,P,24 6
2,13,8,1,1,p-v1,7,V1,25 5
2,13,8,1,1,p-v1,8,P,fine
2,13,8,1,2,p-v2,1,V2,hey
2,13,8,1,2,p-v2,2,V2,20/10?
2,13,8,1,2,p-v2,3,P,thry are offering same
2,13,8,1,2,p-v2,4,V2,9
2,13,8,1,2,p-v2,5,V2,?
2,13,8,2,2,p-v2,1,V2,20 10?
2,13,8,2,2,p-v2,2,V2,screw that guy lol
2,13,8,2,2,p-v2,3,P,22 8?
2,13,8,2,2,p-v2,4,V2,deal
2,13,8,1,4,v1-v2,1,V2,hey is proposer offering 10 to you?
2,13,8,1,4,v1-v2,2,V1,reject this guy
2,13,8,2,4,v1-v2,1,V1,traitor
2,13,8,2,4,v1-v2,2,V1,keep the money !
2,13,8,2,4,v1-v2,3,V1,lol
2,14,8,1,1,p-v1,1,V1,15 each?
2,14,8,1,1,p-v1,2,V1,They're asking me to reject any offer you make lol
2,14,8,1,1,p-v1,3,P,I'll do 15 each
2,14,8,1,1,p-v1,4,V1,Okay
2,14,8,1,2,p-v2,1,P,offer?
2,14,8,1,2,p-v2,2,V2,13 me 17 you
2,14,8,1,2,p-v2,3,P,ok
2,14,8,1,4,v1-v2,1,V2,let's reject and then do 15/15?
2,14,8,1,4,v1-v2,2,V1,Okayyy
2,14,8,1,4,v1-v2,3,V2,it's more than we're gonna get in this round anyway
2,14,8,1,4,v1-v2,4,V1,I agree
2,15,8,1,1,p-v1,1,V1,20 10
2,15,8,1,2,p-v2,1,V2,"offer, 20/10"
2,15,8,1,3,public,1,P,hi
2,15,8,1,4,v1-v2,1,V2,lets reject
8,1,1,1,1,p-v1,1,V1,let's split 12-12 for the both of us and 6 for subject 3
8,2,1,1,1,p-v1,1,P,hi
8,2,1,1,1,p-v1,2,V1,split $15 each and go home
8,2,1,1,1,p-v1,3,V1,Yes hi
8,2,1,1,1,p-v1,4,P,what about 13
8,2,1,1,1,p-v1,5,P,sounds decent enough?
8,2,1,1,1,p-v1,6,V1,so you'll take $17?
8,2,1,1,1,p-v1,7,V1,No m8
8,2,1,1,1,p-v1,8,V1,i have played this b4 doesnt work
8,2,1,1,1,p-v1,9,V1,$15 each
8,2,1,1,1,p-v1,10,P,lol
8,2,1,1,1,p-v1,11,V1,simple fair
8,2,1,1,2,p-v2,1,P,hi
8,2,1,1,2,p-v2,2,V2,Hi
8,2,1,1,2,p-v2,3,P,r u willing to take 12
8,2,1,1,2,p-v2,4,P,and let the other one take none
8,2,1,1,2,p-v2,5,V2,Can we make it 14 and 16?
8,2,1,1,4,v1-v2,1,V1,We shall split
8,2,1,1,4,v1-v2,2,V1,$10 each
8,2,1,1,4,v1-v2,3,V1,reply
8,3,1,1,1,p-v1,1,V1,i would like do a 14 16 split with you
8,3,1,1,1,p-v1,2,P,are you sure?
8,3,1,1,1,p-v1,3,V1,hows that sound
8,3,1,1,1,p-v1,4,V1,yes
8,3,1,1,1,p-v1,5,V1,if you give 14 ill approve it
8,3,1,1,1,p-v1,6,P,How about 13?
8,3,1,1,1,p-v1,7,V1,deal
8,3,1,1,1,p-v1,8,P,ok
8,3,1,1,2,p-v2,1,P,yo lets split. I give u 10
8,3,1,1,2,p-v2,2,V2,i need  15 least
8,3,1,1,2,p-v2,3,V2,lets go equal
8,3,1,1,2,p-v2,4,V2,you and i
8,3,1,1,3,public,1,V2,10 eah...everyone will leave happy
8,3,1,1,3,public,2,V1,there's still a potential for everyone to get more than 10 though
8,4,1,1,1,p-v1,1,P,13?
8,4,1,1,1,p-v1,2,V1,done
8,4,1,1,1,p-v1,3,P,other one is eady for 11
8,4,1,1,1,p-v1,4,P,you?
8,4,1,1,1,p-v1,5,V1,12 deal
8,4,1,1,2,p-v2,1,V2,25 5?
8,4,1,1,2,p-v2,2,V2,ill take 5
8,4,1,2,2,p-v2,1,V2,lets do it 15 15
8,4,1,1,4,v1-v2,1,V1,15 15 ?
8,4,1,1,4,v1-v2,2,V1,fast ?
8,4,1,1,4,v1-v2,3,V2,cool
8,4,1,1,4,v1-v2,4,V1,he is offering 11
8,5,1,1,1,p-v1,1,P,hi
8,5,1,2,1,p-v1,1,V1,15 15?
8,5,1,2,1,p-v1,2,V1,i rejected for you
8,5,1,2,1,p-v1,3,P,ok then
8,5,1,2,1,p-v1,4,V1,great
8,5,1,2,1,p-v1,5,P,actually i'm gonna do 13-13 for us and 4 for subject 2
8,5,1,1,2,p-v2,1,P,hi
8,5,1,2,2,p-v2,1,V2,why are you not satisfied with that 12
8,5,1,1,3,public,1,P,do you guys all want 10 or a max profit
8,5,1,1,3,public,2,P,talk to me if you want more
8,5,1,1,4,v1-v2,1,V1,15 15?
8,5,1,1,4,v1-v2,2,V1,if he offers more
8,5,1,1,4,v1-v2,3,V1,take it
8,5,1,1,4,v1-v2,4,V1,im cool with that
8,5,1,1,4,v1-v2,5,V1,decline if he offers less and we'll split 15 15
8,5,1,1,4,v1-v2,6,V1,okay?
8,5,1,1,4,v1-v2,7,V1,hes offering me 14
8,5,1,1,4,v1-v2,8,V1,
8,6,1,1,1,p-v1,1,V1,12
8,6,1,1,1,p-v1,2,P,Are you willing to accept 11?
8,6,1,1,1,p-v1,3,V1,lets go
8,6,1,1,2,p-v2,1,P,Are you willing to accept $11?
8,6,1,1,2,p-v2,2,V2,alright
8,7,1,1,1,p-v1,1,V1,14?
8,7,1,1,2,p-v2,1,P,he wants do to 14 16 and give you zero
8,7,1,1,2,p-v2,2,P,i dont like that
8,7,1,1,2,p-v2,3,P,ill give us equal
8,7,1,1,2,p-v2,4,P,15 15
8,7,1,1,2,p-v2,5,P,cool?
8,7,1,1,3,public,1,V1,we will only accept if its equal? what say subject 2?
8,7,1,1,3,public,2,P,next round i will accept only if its equal
8,7,1,1,3,public,3,P,one of y'all rather make some money now
8,7,1,1,3,public,4,P,whoever wants 15 take it now
8,7,1,1,3,public,5,V1,ok
8,7,1,1,3,public,6,P,the next person wont give more
8,7,1,1,4,v1-v2,1,V1,do not accept
8,7,1,1,4,v1-v2,2,V1,lets try our luck untill we get proposer
8,7,1,1,4,v1-v2,3,V2,ys
8,7,1,1,4,v1-v2,4,V2,next time 1515?
8,7,1,1,4,v1-v2,5,V1,ok done
8,8,1,1,1,p-v1,1,P,What's your offer?
8,8,1,1,1,p-v1,2,V1,15?
8,8,1,2,1,p-v1,1,V1,15?
8,8,1,2,1,p-v1,2,V1,deal
8,8,1,3,1,p-v1,1,V1,15?
8,8,1,1,2,p-v2,1,V2,10 ?
8,8,1,1,2,p-v2,2,P,What's your offer?
8,8,1,1,4,v1-v2,1,V1,do not accept
8,8,1,1,4,v1-v2,2,V2,then ?
8,8,1,1,4,v1-v2,3,V1,lets reject
8,8,1,1,4,v1-v2,4,V2,ok then ?
8,8,1,1,4,v1-v2,5,V1,and next round lets do 15 15
8,8,1,2,4,v1-v2,1,V2,sure ?
8,8,1,3,4,v1-v2,1,V2,13?
8,9,1,1,1,p-v1,1,V1,yo how much u want
8,9,1,1,1,p-v1,2,P,12?
8,9,1,1,1,p-v1,3,V1,13 please
8,9,1,1,1,p-v1,4,P,is that cool?
8,9,1,1,1,p-v1,5,V1,Yes
8,9,1,1,1,p-v1,6,V1,take it
8,9,1,1,1,p-v1,7,P,12?
8,9,1,1,1,p-v1,8,V1,13 please
8,9,1,1,1,p-v1,9,V1,by gods sake
8,9,1,1,1,p-v1,10,V1,let me be happy
8,9,1,1,1,p-v1,11,P,Done
8,9,1,1,1,p-v1,12,P,Sreading a smile is my job
8,9,1,1,1,p-v1,13,P,lets do it
8,9,1,1,1,p-v1,14,V1,thanks
8,9,1,1,2,p-v2,1,V2,just give me at least 5
8,9,1,1,2,p-v2,2,V2,i keep on getting zeros
8,9,1,1,2,p-v2,3,P,lol
8,9,1,1,2,p-v2,4,P,okay
8,9,1,1,4,v1-v2,1,V1,wanna play it fair?
8,9,1,1,4,v1-v2,2,V1,buddy
8,10,1,1,1,p-v1,1,V1,15?
8,10,1,1,1,p-v1,2,V1,lwts split
8,10,1,1,1,p-v1,3,P,sure
8,10,1,1,2,p-v2,1,V2,Whats the deal?
8,10,1,1,2,p-v2,2,V2,3
8,10,1,1,2,p-v2,3,V2,13
8,10,1,1,4,v1-v2,1,V1,do not accept
8,10,1,1,4,v1-v2,2,V1,let wait for our luck
8,10,1,1,4,v1-v2,3,V1,until we get propser
8,10,1,1,4,v1-v2,4,V2,done deal
8,11,1,1,1,p-v1,1,P,12?
8,11,1,1,1,p-v1,2,V1,we are rejecting you
8,11,1,1,1,p-v1,3,V1,you wanna split $15 b/w us go ahead
8,11,1,2,1,p-v1,1,V1,boo
8,11,1,2,1,p-v1,2,P,lol
8,11,1,2,1,p-v1,3,V1,$15 each?
8,11,1,2,1,p-v1,4,P,ok
8,11,1,3,1,p-v1,1,P,lol
8,11,1,3,1,p-v1,2,V1,10?
8,11,1,3,1,p-v1,3,P,why
8,11,1,3,1,p-v1,4,P,u gave me zero
8,11,1,3,1,p-v1,5,P,twice
8,11,1,3,1,p-v1,6,V1,other guy asked me to reject u
8,11,1,3,1,p-v1,7,V1,i will reject
8,11,1,1,2,p-v2,1,P,12?
8,11,1,1,2,p-v2,2,V2,15?
8,11,1,1,2,p-v2,3,P,ok
8,11,1,2,2,p-v2,1,P,how much
8,11,1,2,2,p-v2,2,V2,15
8,11,1,3,2,p-v2,1,V2,15 each!
8,11,1,3,2,p-v2,2,P,kept your word?
8,11,1,3,2,p-v2,3,V2,Yes! Rejected
8,11,1,1,3,public,1,P,whats the deal
8,11,1,3,3,public,1,V1,15?
8,11,1,3,3,public,2,V1,give me 10
8,11,1,3,3,public,3,V2,Either equal
8,11,1,3,3,public,4,V2,or I get 12
8,11,1,1,4,v1-v2,1,V1,hi
8,11,1,1,4,v1-v2,2,V1,lets reject proposer
8,11,1,1,4,v1-v2,3,V1,we both do $15 each
8,11,1,1,4,v1-v2,4,V2,Done
8,11,1,1,4,v1-v2,5,V1,keep your word please.
8,11,1,2,4,v1-v2,1,V2,Kept my word
8,11,1,2,4,v1-v2,2,V1,Thanks
8,11,1,2,4,v1-v2,3,V1,Appreciate it
8,11,1,3,4,v1-v2,1,V1,reject
8,12,1,1,1,p-v1,1,V1,give me 10
8,12,1,1,1,p-v1,2,P,sure
8,13,1,1,1,p-v1,1,P,hi
8,13,1,1,1,p-v1,2,V1,15?
8,13,1,1,2,p-v2,1,V2,12
8,13,1,1,2,p-v2,2,P,good
8,13,1,1,4,v1-v2,1,V1,Reject?
8,13,1,1,4,v1-v2,2,V1,Let's divide equally?
8,13,1,1,4,v1-v2,3,V2,yes
8,13,1,1,4,v1-v2,4,V2,exactly
8,14,1,1,1,p-v1,1,P,14
8,14,1,1,1,p-v1,2,P,take it?
8,14,1,1,1,p-v1,3,V1,okay
8,14,1,1,1,p-v1,4,V1,14 i like
8,14,1,1,2,p-v2,1,P,14
8,14,1,1,2,p-v2,2,V2,10?
8,14,1,1,2,p-v2,3,V2,ok
8,14,1,1,2,p-v2,4,P,ok
8,14,1,1,2,p-v2,5,V2,anything
8,14,1,1,2,p-v2,6,P,ill give u 10
8,14,1,3,2,p-v2,1,V2,15
8,14,1,3,2,p-v2,2,V2,deal
8,14,1,4,2,p-v2,1,V2,15
8,14,1,1,4,v1-v2,1,V1,15 15?
8,14,1,1,4,v1-v2,2,V2,yes
8,14,1,1,4,v1-v2,3,V2,lets reject
8,14,1,1,4,v1-v2,4,V2,and split
8,15,1,1,1,p-v1,1,V1,last round ?
8,15,1,1,1,p-v1,2,V1,deal is a deal
8,15,1,1,1,p-v1,3,V1,15 15
8,15,1,1,1,p-v1,4,P,pls trust me
8,15,1,1,1,p-v1,5,P,i am sorry
8,15,1,2,1,p-v1,1,P,yyo
8,15,1,2,1,p-v1,2,V1,heyaaa
8,15,1,2,1,p-v1,3,P,10?
8,15,1,2,1,p-v1,4,V1,ok
8,15,1,3,1,p-v1,1,V1,by mistake
8,15,1,1,2,p-v2,1,V2,12?
8,15,1,1,2,p-v2,2,V2,please dont break my tust'
8,15,1,1,2,p-v2,3,V2,trust*
8,15,1,1,2,p-v2,4,P,pls trust me
8,15,1,1,2,p-v2,5,V2,ill take 5 min
8,15,1,4,2,p-v2,1,V2,10 pleas
8,15,1,4,2,p-v2,2,V2,its not guaaenteed
8,15,1,4,2,p-v2,3,V2,adom ounds will be seleted
8,15,1,1,3,public,1,P,hui guys
8,15,1,1,3,public,2,P,i am not trying to fool u
8,15,1,1,3,public,3,P,i have cash problems
8,15,1,1,3,public,4,P,i hardly made last few rounds
8,15,1,1,3,public,5,V2,same here
8,15,1,1,3,public,6,P,i will take 30
8,15,1,1,3,public,7,P,pls trust me
8,15,1,1,3,public,8,V2,what?
8,15,1,1,3,public,9,V2,is itn ot unfair
8,15,1,1,3,public,10,P,i really have problem
8,15,1,1,3,public,11,P,i am very sorry
8,15,1,2,3,public,1,V2,it is okay
8,15,1,3,3,public,1,V2,guys pls dont do this
8,15,1,4,3,public,1,P,guys pls trust me
8,15,1,4,3,public,2,P,Bc trust karo
8,15,1,4,3,public,3,V1,language
8,15,1,5,3,public,1,V1,21 sec ?
8,15,1,1,4,v1-v2,1,V1,deal is a deal
8,15,1,1,4,v1-v2,2,V2,whats it?
8,15,1,1,4,v1-v2,3,V1,15 15
8,15,1,1,4,v1-v2,4,V2,done
8,15,1,1,4,v1-v2,5,V1,let 3 joke around
8,15,1,1,4,v1-v2,6,V2,haha
8,1,2,1,1,p-v1,1,P,hi
8,1,2,1,1,p-v1,2,V1,hi
8,1,2,1,1,p-v1,3,V1,How are you spilitting this
8,1,2,1,1,p-v1,4,P,will uou approve it?
8,1,2,1,1,p-v1,5,V1,depends
8,1,2,1,1,p-v1,6,P,lol
8,1,2,1,1,p-v1,7,V1,if I can get more than 12
8,1,2,1,1,p-v1,8,V1,ill approve it
8,1,2,1,1,p-v1,9,P,cool
8,1,2,1,4,v1-v2,1,V2,lets not take less than 10
8,1,2,1,4,v1-v2,2,V1,k
8,3,2,1,1,p-v1,1,V1,25 5 ?
8,3,2,1,1,p-v1,2,P,ill give you 12
8,4,2,1,3,public,1,V2,lets do equal?
8,4,2,1,3,public,2,P,ok
8,5,2,1,1,p-v1,1,V1,Boo
8,5,2,1,1,p-v1,2,V1,Let's go
8,5,2,1,1,p-v1,3,V1,You take 16. I'll take 14
8,5,2,1,1,p-v1,4,V1,WHat up
8,5,2,1,2,p-v2,1,P,Are you willing to accept $12?
8,5,2,1,2,p-v2,2,V2,fine
8,5,2,1,4,v1-v2,1,V1,Yo
8,5,2,1,4,v1-v2,2,V1,shall we agree on $10 each?
8,6,2,1,1,p-v1,1,P,15 15?
8,6,2,1,1,p-v1,2,V1,k
8,6,2,1,2,p-v2,1,P,15 15?
8,6,2,1,2,p-v2,2,V2,ok
8,6,2,1,4,v1-v2,1,V2,15 15 ?
8,6,2,1,4,v1-v2,2,V2,ff
8,6,2,1,4,v1-v2,3,V2,??
8,6,2,1,4,v1-v2,4,V2,deal ?
8,6,2,1,4,v1-v2,5,V1,u are not the proposer though
8,7,2,1,1,p-v1,1,V1,13?
8,7,2,1,1,p-v1,2,V1,les go
8,7,2,1,1,p-v1,3,P,What's your offer?
8,7,2,1,1,p-v1,4,V1,13
8,7,2,1,1,p-v1,5,P,12?
8,7,2,1,1,p-v1,6,V1,done
8,7,2,1,1,p-v1,7,V1,
8,7,2,1,2,p-v2,1,P,What's your offer?
8,7,2,1,2,p-v2,2,V2,"16 for you, 14 for me"
8,8,2,1,1,p-v1,1,P,what's your offer?
8,8,2,1,1,p-v1,2,V1,13
8,8,2,1,1,p-v1,3,V1,Lets do it
8,8,2,1,2,p-v2,1,P,what's your offer?
8,8,2,1,2,p-v2,2,V2,anything more than 11
8,8,2,1,2,p-v2,3,V2,even 11 is good bro
8,8,2,1,2,p-v2,4,P,ok
8,8,2,1,2,p-v2,5,V2,ill take it
8,8,2,2,2,p-v2,1,P,noob
8,8,2,2,2,p-v2,2,V2,haha
8,8,2,2,2,p-v2,3,V2,cool giving you 15
8,8,2,2,2,p-v2,4,V2,i mean
8,8,2,2,2,p-v2,5,V2,you give 15
8,8,2,2,2,p-v2,6,V2,my bad
8,8,2,1,4,v1-v2,1,V2,15 15?
8,8,2,1,4,v1-v2,2,V1,done
8,8,2,1,4,v1-v2,3,V2,sick
8,8,2,1,4,v1-v2,4,V1,
8,8,2,3,4,v1-v2,1,V2,wow
8,8,2,3,4,v1-v2,2,V2,you broke my heart
8,8,2,3,4,v1-v2,3,V2,i wanna cry now
8,8,2,3,4,v1-v2,4,V1,do cry then
8,8,2,3,4,v1-v2,5,V1,i sill wann see ou smle
8,8,2,3,4,v1-v2,6,V2,still giving 15 15?
8,8,2,3,4,v1-v2,7,V1,positivity
8,8,2,3,4,v1-v2,8,V1,les do it
8,8,2,3,4,v1-v2,9,V2,if you break me again
8,8,2,3,4,v1-v2,10,V2,i will leave
8,9,2,1,1,p-v1,1,V1,10 ?
8,9,2,1,1,p-v1,2,P,equal?
8,9,2,1,1,p-v1,3,V1,ok
8,9,2,2,1,p-v1,1,V1,12 for me?
8,9,2,2,1,p-v1,2,V1,18 for you?
8,9,2,1,2,p-v2,1,P,12?
8,9,2,1,2,p-v2,2,V2,sry
8,9,2,1,2,p-v2,3,V2,15
8,9,2,2,2,p-v2,1,P,i ll split with you
8,9,2,2,2,p-v2,2,P,sounds good?
8,9,2,2,2,p-v2,3,V2,ok
8,9,2,1,4,v1-v2,1,V2,shal we jsut keep rejecting
8,9,2,1,4,v1-v2,2,V2,unless he gives at least a 15 15 split
8,9,2,1,4,v1-v2,3,V1,ok
8,9,2,1,4,v1-v2,4,V1,deal ?
8,9,2,1,4,v1-v2,5,V2,yes
8,10,2,1,1,p-v1,1,P,?
8,10,2,1,1,p-v1,2,V1,give me 10
8,10,2,1,1,p-v1,3,P,u sure
8,10,2,1,1,p-v1,4,P,?
8,10,2,1,1,p-v1,5,V1,yes
8,10,2,1,1,p-v1,6,P,definetly ?
8,10,2,1,1,p-v1,7,V1,yes
8,10,2,1,2,p-v2,1,V2,13?
8,10,2,1,4,v1-v2,1,V2,Reject proposal and take 15 equally?
8,11,2,1,1,p-v1,1,P,?
8,11,2,1,1,p-v1,2,V1,give me 10
8,11,2,1,1,p-v1,3,P,u sure ?
8,11,2,1,1,p-v1,4,V1,yes
8,11,2,1,1,p-v1,5,P,definetly ?
8,11,2,1,1,p-v1,6,V1,yse
8,11,2,1,2,p-v2,1,P,?
8,11,2,1,2,p-v2,2,V2,14 16?
8,11,2,1,4,v1-v2,1,V2,15 15?
8,12,2,2,1,p-v1,1,V1,hui
8,12,2,2,1,p-v1,2,V1,u take 16
8,12,2,2,2,p-v2,1,V2,im willing to take 14
8,12,2,2,2,p-v2,2,P,cool
8,12,2,2,2,p-v2,3,V2,u can take the rest
8,12,2,2,4,v1-v2,1,V1,hi
8,12,2,2,4,v1-v2,2,V2,hi
8,12,2,2,4,v1-v2,3,V1,Let's reject him
8,13,2,1,1,p-v1,1,P,hi
8,13,2,1,1,p-v1,2,V1,hi
8,13,2,1,1,p-v1,3,V1,14 16?
8,13,2,1,1,p-v1,4,V1,13 17?
8,13,2,2,1,p-v1,1,V1,take it
8,13,2,2,1,p-v1,2,V1,please
8,13,2,2,1,p-v1,3,V1,You take 16
8,13,2,1,2,p-v2,1,P,hi
8,13,2,2,2,p-v2,1,V2,15 15?
8,13,2,2,2,p-v2,2,V2,i rejected for you
8,13,2,1,4,v1-v2,1,V1,15 15?
8,13,2,1,4,v1-v2,2,V2,yeah
8,13,2,2,4,v1-v2,1,V1,reject
8,14,2,1,1,p-v1,1,P,15?
8,14,2,1,1,p-v1,2,V1,give me 10
8,14,2,1,2,p-v2,1,P,15?
8,14,2,1,2,p-v2,2,V2,good
8,14,2,1,3,public,1,P,Offer?
8,14,2,1,4,v1-v2,1,V2,hey
8,15,2,1,1,p-v1,1,V1,proposer says you get 0
8,15,2,1,1,p-v1,2,P,hi
8,15,2,1,1,p-v1,3,V1,hi
8,15,2,1,1,p-v1,4,V1,u proposer
8,15,2,1,1,p-v1,5,P,im the propose lol
8,15,2,1,1,p-v1,6,V1,you propose whom?
8,15,2,1,1,p-v1,7,P,u messed up my man
8,15,2,1,1,p-v1,8,V1,other guy say u and I reject him
8,15,2,1,1,p-v1,9,P,are you willing to take 14?
8,15,2,1,1,p-v1,10,V1,ok
8,15,2,1,2,p-v2,1,P,hello
8,15,2,1,2,p-v2,2,V2,let's do 15-15
8,15,2,1,2,p-v2,3,P,what about 14
8,15,2,1,2,p-v2,4,V2,i want 15
8,15,2,1,4,v1-v2,1,V2,15 15?
8,15,2,1,4,v1-v2,2,V1,yes
8,15,2,1,4,v1-v2,3,V1,done
8,15,2,1,4,v1-v2,4,V1,i told proposer
8,15,2,1,4,v1-v2,5,V1,he is going to single me out
8,15,2,1,4,v1-v2,6,V1,i get 0
8,15,2,1,4,v1-v2,7,V1,plz reject him
8,15,2,1,4,v1-v2,8,V1,REJECT HIM
8,15,2,1,4,v1-v2,9,V2,ok
8,15,2,1,4,v1-v2,10,V1,WE both take $15 each
8,1,3,1,3,public,1,V1,?
8,1,3,1,3,public,2,V2,we can accept $10 each and go home
8,1,3,1,3,public,3,V2,simple
8,1,3,1,3,public,4,V1,good idea
8,2,3,1,1,p-v1,1,P,hello
8,2,3,1,1,p-v1,2,V1,hi
8,2,3,1,1,p-v1,3,P,how much do you neecd to approve it?
8,2,3,1,1,p-v1,4,V1,14 16 ?
8,2,3,1,1,p-v1,5,V1,u 16
8,2,3,1,1,p-v1,6,V1,me 14
8,2,3,2,1,p-v1,1,V1,u 16
8,2,3,1,2,p-v2,1,P,ho much you need to apprve it ?
8,2,3,1,2,p-v2,2,P,10?
8,2,3,1,2,p-v2,3,V2,15?
8,2,3,1,2,p-v2,4,V2,lets do eqal
8,2,3,1,2,p-v2,5,P,12 ?
8,2,3,1,2,p-v2,6,V2,1?
8,2,3,1,2,p-v2,7,V2,14
8,2,3,1,2,p-v2,8,V2,lets do that
8,2,3,1,2,p-v2,9,P,ok
8,2,3,1,4,v1-v2,1,V1,deal 3 is giving is 16 14
8,3,3,1,1,p-v1,1,P,10?
8,3,3,1,1,p-v1,2,V1,let's do 11-11 for us and 8 for subject 3
8,3,3,1,1,p-v1,3,P,ok
8,3,3,1,1,p-v1,4,P,u will get 11
8,3,3,1,1,p-v1,5,P,i ill take reamaining
8,3,3,1,1,p-v1,6,V1,ok
8,3,3,1,2,p-v2,1,P,10?
8,3,3,1,2,p-v2,2,V2,13
8,4,3,1,1,p-v1,1,V1,hello
8,4,3,1,1,p-v1,2,V1,Lets go 14 me 16 you
8,4,3,2,1,p-v1,1,V1,yo
8,4,3,2,1,p-v1,2,P,11?
8,4,3,2,1,p-v1,3,P,the other guy wants 12
8,4,3,2,1,p-v1,4,V1,keep it the same way. I'll take 14
8,4,3,3,1,p-v1,1,P,i was telling him to give us at least 10 each
8,4,3,3,1,p-v1,2,P,or more
8,4,3,3,1,p-v1,3,V1,Yeah thats good
8,4,3,3,1,p-v1,4,V1,I told him he's a noob
8,4,3,3,1,p-v1,5,P,ill split betwenn us
8,4,3,3,1,p-v1,6,V1,he says same here. LMAO.
8,4,3,3,1,p-v1,7,P,since im the proposer
8,4,3,3,1,p-v1,8,V1,Yeah I got it.
8,4,3,1,2,p-v2,1,V2,split 13 17
8,4,3,2,2,p-v2,1,V2,if u give out 13
8,4,3,2,2,p-v2,2,V2,ill approve it right away
8,4,3,2,2,p-v2,3,P,12?
8,4,3,2,2,p-v2,4,V2,10 each
8,4,3,2,2,p-v2,5,P,11*......the other guy wants 12
8,4,3,2,2,p-v2,6,V2,if you dont give us at least 10 each
8,4,3,2,2,p-v2,7,V2,well keep rejecting that
8,4,3,3,3,public,1,V2,10 and call it for every ound
8,4,3,1,4,v1-v2,1,V1,lets split at $10 each okay?
8,4,3,2,4,v1-v2,1,V1,hi
8,4,3,2,4,v1-v2,2,V1,lets keep it at $10 each
8,4,3,2,4,v1-v2,3,V1,thanks for the !st one
8,4,3,2,4,v1-v2,4,V2,i was doing it for myself though lol
8,4,3,2,4,v1-v2,5,V2,did you talk to him yet
8,4,3,2,4,v1-v2,6,V1,ya
8,4,3,2,4,v1-v2,7,V2,what did he say
8,4,3,2,4,v1-v2,8,V1,cunning
8,4,3,2,4,v1-v2,9,V2,hahaa
8,4,3,2,4,v1-v2,10,V1,saying take 12
8,4,3,2,4,v1-v2,11,V2,did you take it
8,4,3,2,4,v1-v2,12,V1,nope
8,4,3,2,4,v1-v2,13,V2,k
8,4,3,2,4,v1-v2,14,V2,10 each is fair enough
8,4,3,2,4,v1-v2,15,V1,$10 each. Fair an square
8,4,3,2,4,v1-v2,16,V1,Cool.
8,4,3,2,4,v1-v2,17,V1,Trust the word.
8,4,3,2,4,v1-v2,18,V2,k
8,4,3,2,4,v1-v2,19,V1,Cheers!.
8,4,3,2,4,v1-v2,20,V2,yaah
8,4,3,3,4,v1-v2,1,V1,Lol
8,4,3,3,4,v1-v2,2,V1,What a noob
8,4,3,3,4,v1-v2,3,V2,same here
8,5,3,1,1,p-v1,1,P,?
8,5,3,1,1,p-v1,2,V1,10?
8,5,3,1,1,p-v1,3,V1,yea like last time same
8,5,3,1,2,p-v2,1,P,?
8,5,3,1,2,p-v2,2,V2,14?
8,5,3,1,2,p-v2,3,P,done
8,6,3,1,1,p-v1,1,P,ill give you 10 other zero
8,6,3,1,1,p-v1,2,P,accept it
8,6,3,1,1,p-v1,3,V1,"give me 14, you 16, and 0 for sub 2"
8,6,3,1,2,p-v2,1,V2,12?
8,6,3,1,2,p-v2,2,P,Ok
8,6,3,1,2,p-v2,3,P,Take it
8,6,3,1,4,v1-v2,1,V2,do not accept
8,6,3,1,4,v1-v2,2,V2,lets try our luck untill we get the proper
8,6,3,1,4,v1-v2,3,V2,proposer**
8,7,3,1,1,p-v1,1,P,13 ?
8,7,3,1,1,p-v1,2,V1,ok
8,7,3,1,2,p-v2,1,P,14 ?
8,7,3,1,2,p-v2,2,V2,fair
8,7,3,1,3,public,1,V2,again im not the proposer lol
8,7,3,1,3,public,2,V1,sorry friend
8,7,3,1,3,public,3,V1,shall we keep on rejecting?
8,7,3,1,3,public,4,V1,unitl either of us becomes proposer?
8,9,3,1,3,public,1,P,im taking 20
8,9,3,1,3,public,2,P,one of u 10
8,9,3,1,3,public,3,V1,okay
8,9,3,1,3,public,4,P,atleast one of us can make money
8,9,3,1,3,public,5,V1,makes sense
8,9,3,1,3,public,6,V1,send 10
8,9,3,2,3,public,1,P,scam
8,9,3,2,3,public,2,P,lol
8,9,3,2,3,public,3,V1,good try tho
8,9,3,2,3,public,4,P,12?
8,9,3,2,3,public,5,P,15
8,9,3,1,4,v1-v2,1,V1,15 15?
8,9,3,1,4,v1-v2,2,V1,we will do 15 15
8,9,3,2,4,v1-v2,1,V1,hhahah
8,9,3,2,4,v1-v2,2,V1,ill give you 15
8,9,3,2,4,v1-v2,3,V1,is that okay?
8,10,3,1,4,v1-v2,1,V1,hi
8,10,3,1,4,v1-v2,2,V2,hi
8,10,3,1,4,v1-v2,3,V1,do you want to do a split between us
8,10,3,1,4,v1-v2,4,V2,Lets play fair shall we?
8,10,3,1,4,v1-v2,5,V2,Ok sure
8,10,3,1,4,v1-v2,6,V2,keep on rejecting him?
8,10,3,1,4,v1-v2,7,V1,yes
8,10,3,1,4,v1-v2,8,V2,$15 each?
8,10,3,1,4,v1-v2,9,V1,until one of us
8,10,3,1,4,v1-v2,10,V2,Cool
8,11,3,1,2,p-v2,1,V2,Think like a boss
8,11,3,1,2,p-v2,2,V2,lets split
8,11,3,1,2,p-v2,3,P,15-15?
8,11,3,1,2,p-v2,4,V2,surre
8,11,3,1,4,v1-v2,1,V1,hi
8,11,3,1,4,v1-v2,2,V2,hello
8,11,3,1,4,v1-v2,3,V1,do you want to keep rejecting until one of us become the dealer
8,11,3,1,4,v1-v2,4,V2,done
8,11,3,1,4,v1-v2,5,V1,then we can do a split
8,11,3,1,4,v1-v2,6,V2,yes done
8,11,3,1,4,v1-v2,7,V1,or whoever gets to be the next one do a 14 16
8,12,3,1,1,p-v1,1,P,Offer?
8,12,3,1,1,p-v1,2,V1,13
8,12,3,2,1,p-v1,1,V1,Wow
8,12,3,1,2,p-v2,1,P,Offer?
8,12,3,1,2,p-v2,2,V2,10 ?
8,12,3,1,3,public,1,V1,equal split?
8,12,3,1,4,v1-v2,1,V2,?
8,12,3,1,4,v1-v2,2,V1,lets rejecct
8,12,3,1,4,v1-v2,3,V1,and split
8,12,3,1,4,v1-v2,4,V2,ok
8,12,3,1,4,v1-v2,5,V2,sure?
8,12,3,1,4,v1-v2,6,V1,yeah
8,12,3,1,4,v1-v2,7,V2,ok
8,13,3,1,1,p-v1,1,V1,15?
8,13,3,1,1,p-v1,2,V1,13?
8,13,3,1,1,p-v1,3,V1,12?
8,13,3,1,2,p-v2,1,V2,give me 10
8,13,3,1,2,p-v2,2,P,there is a glitch
8,13,3,1,2,p-v2,3,P,for 30 both get 30
8,13,3,1,2,p-v2,4,V2,lets get then
8,13,3,2,2,p-v2,1,V2,give me 10
8,13,3,2,2,p-v2,2,P,i told you its glitch
8,13,3,1,3,public,1,V1,equal split
8,13,3,1,3,public,2,V1,?
8,13,3,2,3,public,1,V1,dude
8,13,3,2,3,public,2,V1,30? seriously
8,13,3,1,4,v1-v2,1,V1,lets reject and split next round
8,14,3,2,1,p-v1,1,P,12?
8,14,3,3,1,p-v1,1,V1,ok you can get 16 and 14 for me
8,14,3,3,1,p-v1,2,V1,since you also declined
8,14,3,3,1,p-v1,3,P,deal is a deal
8,14,3,1,2,p-v2,1,V2,?
8,14,3,1,2,p-v2,2,P,last round
8,14,3,1,2,p-v2,3,V2,ikr
8,14,3,1,2,p-v2,4,P,the other needs 5 so
8,14,3,1,2,p-v2,5,V2,sorry ?
8,14,3,2,2,p-v2,1,P,w hat the hek
8,14,3,2,2,p-v2,2,V2,15 15 ?
8,14,3,2,2,p-v2,3,P,12?
8,14,3,2,2,p-v2,4,V2,15 15
8,14,3,3,2,p-v2,1,P,wanna have 1 ?
8,14,3,3,2,p-v2,2,P,or 0 ?
8,14,3,3,2,p-v2,3,V2,what?
8,14,3,3,2,p-v2,4,P,5 ?
8,14,3,3,2,p-v2,5,V2,12 and all it
8,14,3,1,4,v1-v2,1,V1,15 15?
8,14,3,1,4,v1-v2,2,V2,sure ?
8,14,3,1,4,v1-v2,3,V1,i'll decline for you
8,14,3,2,4,v1-v2,1,V1,let's try again?
8,14,3,2,4,v1-v2,2,V2,sorry ?
8,14,3,2,4,v1-v2,3,V2,15 15 ?
8,14,3,2,4,v1-v2,4,V2,sure
8,14,3,2,4,v1-v2,5,V1,yeah 15 15
8,14,3,2,4,v1-v2,6,V2,sure ?
8,14,3,3,4,v1-v2,1,V2,lets go equal?
8,15,3,1,1,p-v1,1,V1,14?
8,15,3,1,1,p-v1,2,P,offer?
8,15,3,1,2,p-v2,1,P,Offer?
8,15,3,1,2,p-v2,2,V2,give me 10
8,15,3,1,4,v1-v2,1,V1,reject
8,15,3,1,4,v1-v2,2,V1,and split
8,15,3,1,4,v1-v2,3,V2,how t split
9,1,1,1,2,p-v2,1,V2,10+10+10?
9,1,1,1,2,p-v2,2,P,if you approve 14 we maximize for this round?
9,1,1,1,2,p-v2,3,V2,WORKS
9,1,1,1,2,p-v2,4,V2,OK
9,2,1,1,3,public,1,V2,equal distribution
9,2,1,1,3,public,2,V1,"if we go strict equality, we decrease variability of total earnings without decreasing average earnings"
9,2,1,1,3,public,3,V1,if we cooperate
9,2,1,1,3,public,4,P,OKAY
9,2,1,1,3,public,5,V2,what is your proposal?
9,2,1,1,3,public,6,P,I think we should not go for equal
9,2,1,1,3,public,7,V2,time is running out
9,2,1,1,3,public,8,V1,not equal end up as increasing risk
9,2,1,1,3,public,9,P,"10,5, 15?"
9,2,1,1,3,public,10,V1,by end of study
9,2,1,1,3,public,11,V2,10 11 9
9,2,1,1,3,public,12,P,lets go with this
9,2,1,1,3,public,13,P,"10,11,9"
9,2,1,1,3,public,14,V2,yup
9,2,1,1,3,public,15,P,??
9,2,1,1,3,public,16,V1,ok
9,3,1,1,2,p-v2,1,P,"17, 11, 1? with you as 11?"
9,3,1,1,2,p-v2,2,V2,cool
9,3,1,1,2,p-v2,3,P,i mean 18 lol bad math
9,3,1,1,2,p-v2,4,V2,keept it 17 16 and 1
9,3,1,1,2,p-v2,5,V2,yeah
9,3,1,1,2,p-v2,6,V2,my bad as well
9,3,1,1,3,public,1,V2,equal or unequal distribution?
9,3,1,1,3,public,2,V2,anyone?
9,3,1,1,3,public,3,V1,uuneq
9,4,1,1,3,public,1,P,equal or unequal?
9,4,1,1,3,public,2,V1,equal distr?
9,4,1,1,3,public,3,V2,equal
9,4,1,1,3,public,4,V1,minimizes our risk at end of study
9,4,1,1,3,public,5,V2,facts
9,4,1,1,3,public,6,P,ok
9,4,1,1,3,public,7,P,ill put 10 each is that ok
9,4,1,1,3,public,8,V1,great
9,4,1,1,3,public,9,V2,yer
9,5,1,1,1,p-v1,1,P,(3) told me 15-15
9,5,1,1,1,p-v1,2,P,"would you be happy with 18 for me, 12 for you?"
9,5,1,1,1,p-v1,3,V1,yea
9,5,1,1,1,p-v1,4,V1,or maybe even
9,5,1,1,2,p-v2,1,V2,"17 to you, 13 to me?"
9,5,1,2,4,v1-v2,1,V2,10 each
9,5,1,2,4,v1-v2,2,V2,that way we all benefit
9,5,1,2,4,v1-v2,3,V1,works for me
9,7,1,1,1,p-v1,1,V1,13-17?
9,7,1,1,1,p-v1,2,V1,17 for you
9,7,1,1,2,p-v2,1,V2,17 you me 13
9,7,1,1,3,public,1,P,I'm doing this equally
9,8,1,1,3,public,1,V1,Can we please split this equally?
9,10,1,1,4,v1-v2,1,V2,15 15
9,12,1,2,1,p-v1,1,P,we can do 15-15
9,12,1,2,1,p-v1,2,V1,yea
9,12,1,2,2,p-v2,1,V2,15 `15
9,12,1,2,2,p-v2,2,V2,u 17
9,12,1,2,2,p-v2,3,P,works for me
9,12,1,2,2,p-v2,4,V2,k
9,12,1,1,4,v1-v2,1,V1,17 you 13 me?
9,13,1,1,2,p-v2,1,V2,15/15
9,14,1,1,2,p-v2,1,V2,15/15
9,14,1,1,3,public,1,V1,equally?
9,15,1,1,1,p-v1,1,V1,15/15
9,15,1,1,3,public,1,V2,even?
9,15,1,1,3,public,2,V1,sure
9,2,2,1,1,p-v1,1,V1,15-15?
9,4,2,1,1,p-v1,1,V1,split this evenly between us?
9,5,2,1,1,p-v1,1,V1,15 15?
9,5,2,1,1,p-v1,2,P,Sure
9,5,2,1,1,p-v1,3,V1,or 15 14 1
9,5,2,1,1,p-v1,4,V1,you take 15 give me 14
9,5,2,1,3,public,1,V1,equal or unequal
9,5,2,1,4,v1-v2,1,V2,15 15
9,5,2,1,4,v1-v2,2,V1,cool
9,6,2,1,1,p-v1,1,V1,you 20 i 10
9,7,2,1,1,p-v1,1,P,"15,15?"
9,7,2,1,1,p-v1,2,V1,yeah
9,7,2,1,4,v1-v2,1,V1,15/15
9,7,2,1,4,v1-v2,2,V2,agreed
9,8,2,1,1,p-v1,1,P,15 15
9,8,2,1,2,p-v2,1,V2,what do you say
9,8,2,1,2,p-v2,2,P,i think 11 10 9
9,8,2,1,2,p-v2,3,P,you 10
9,8,2,1,2,p-v2,4,P,i 11
9,8,2,1,2,p-v2,5,V2,cool
9,8,2,1,3,public,1,V2,equal?
9,8,2,1,3,public,2,V1,Yes!
9,8,2,1,3,public,3,P,risk of getting low average
9,8,2,1,3,public,4,V1,but it's better than a chance at 0
9,9,2,1,1,p-v1,1,V1,15 15
9,9,2,1,1,p-v1,2,V1,or 11 10 9
9,9,2,1,1,p-v1,3,V1,you 11
9,10,2,1,1,p-v1,1,P,15-15?
9,10,2,1,1,p-v1,2,V1,ok
9,10,2,1,1,p-v1,3,P,say fast?
9,10,2,1,1,p-v1,4,V1,done
9,10,2,1,3,public,1,V1,even split?
9,10,2,1,3,public,2,P,it will lead to bad score in end
9,10,2,1,3,public,3,P,9 10 11?
9,10,2,1,3,public,4,V2,or 12 to proposer and 9-9 to others
9,10,2,1,3,public,5,V1,ok
9,10,2,1,3,public,6,P,cool
9,10,2,1,3,public,7,V2,this is the nicest ChatTable so far lol
9,11,2,1,2,p-v2,1,P,17 13
9,11,2,1,3,public,1,V1,12  9 9?
9,11,2,1,3,public,2,P,equal or unequal?
9,11,2,1,3,public,3,V1,or  9 9 12 or whatever?
9,11,2,1,3,public,4,V2,yeah thats good
9,12,2,1,3,public,1,V1,equally?
9,13,2,1,1,p-v1,1,V1,equal?
9,13,2,1,1,p-v1,2,P,i'm down
9,13,2,1,1,p-v1,3,V1,me too what do you say?
9,13,2,1,3,public,1,V2,9 12 9?
9,13,2,1,3,public,2,V1,cool
9,13,2,1,3,public,3,V2,9 9 12?
9,13,2,1,3,public,4,V2,or whatever
9,13,2,1,3,public,5,P,yeah sounds good
9,14,2,1,2,p-v2,1,V2,18 you 12 me ?
9,14,2,1,4,v1-v2,1,V1,17/13?
9,15,2,1,3,public,1,V2,"last one, even ?"
9,15,2,1,4,v1-v2,1,V1,lets reject we can get 15 each
9,15,2,1,4,v1-v2,2,V2,okay true
9,2,3,1,2,p-v2,1,V2,both of us 15 each
9,2,3,1,2,p-v2,2,V2,i vote you
9,3,3,1,1,p-v1,1,V1,lets split equally
9,3,3,1,3,public,1,V2,let's just split evenly
9,4,3,2,1,p-v1,1,P,15 each
9,4,3,2,1,p-v1,2,P,?
9,4,3,2,1,p-v1,3,V1,Sure
9,4,3,1,3,public,1,V1,I think we should split it equally
9,4,3,1,3,public,2,V2,i agree
9,5,3,1,1,p-v1,1,V1,you get 20 i get 10
9,5,3,1,1,p-v1,2,P,ok
9,5,3,1,1,p-v1,3,V1,i vote
9,5,3,1,1,p-v1,4,P,ok
9,5,3,1,1,p-v1,5,P,
9,6,3,1,1,p-v1,1,P,does 15-15 work?
9,6,3,1,1,p-v1,2,V1,yeah
9,6,3,1,2,p-v2,1,V2,20 you me 10
9,6,3,1,3,public,1,V2,even?
9,6,3,1,3,public,2,V1,yep
9,7,3,1,1,p-v1,1,P,does 15- 15?
9,7,3,1,1,p-v1,2,V1,deal
9,7,3,1,2,p-v2,1,V2,15 15 ?
9,7,3,1,4,v1-v2,1,V1,if not equal we can both reject
9,7,3,1,4,v1-v2,2,V1,decrease risk over total rounds
9,9,3,1,2,p-v2,1,V2,15/15
9,10,3,1,2,p-v2,1,V2,15 15
9,10,3,1,2,p-v2,2,V2,or 11 10 9
9,10,3,1,2,p-v2,3,V2,or 10 10 10
9,10,3,1,2,p-v2,4,P,17/13
9,10,3,1,2,p-v2,5,V2,16 14
9,10,3,1,2,p-v2,6,P,17/13?
9,10,3,1,2,p-v2,7,V2,16 14?
9,10,3,1,2,p-v2,8,P,17/13 it is lol
9,10,3,1,3,public,1,V1,what if we just never give someone 0?
9,10,3,1,3,public,2,V2,cool\\\\
9,10,3,1,3,public,3,V1,
9,10,3,1,4,v1-v2,1,V2,dont accept
9,11,3,1,3,public,1,V2,equally?
9,12,3,1,1,p-v1,1,V1,15 15
9,12,3,1,1,p-v1,2,V1,?
9,12,3,1,2,p-v2,1,V2,15/51
9,12,3,1,2,p-v2,2,V2,15/15
9,12,3,1,3,public,1,V2,40461
9,13,3,1,2,p-v2,1,V2,15 15
9,13,3,1,2,p-v2,2,P,15 15
9,13,3,1,2,p-v2,3,V2,k
9,13,3,1,2,p-v2,4,P,
9,13,3,1,2,p-v2,5,P,
9,14,3,1,4,v1-v2,1,V1,"if unequal, both reject?"
9,15,3,1,1,p-v1,1,V1,equal?
9,15,3,1,2,p-v2,1,V2,17 13?
9,15,3,1,2,p-v2,2,P,19 11
9,15,3,1,2,p-v2,3,V2,okay
9,15,3,1,3,public,1,P,equal?
9,15,3,1,3,public,2,V2,Sure
9,15,3,1,3,public,3,V1,yeah
9,1,4,1,3,public,1,P,equal distribution
9,1,4,1,3,public,2,V2,just give 10 to each one
9,1,4,1,3,public,3,V1,yeah
9,1,4,1,3,public,4,V2,yup
9,2,4,1,2,p-v2,1,V2,what do you tjink?
9,3,4,1,1,p-v1,1,V1,15 15
9,3,4,1,1,p-v1,2,P,i give you 13 if you vote yes
9,3,4,1,1,p-v1,3,V1,ok
9,3,4,1,3,public,1,V2,10 each?
9,3,4,1,3,public,2,V2,and everyone is happy
9,4,4,1,1,p-v1,1,V1,15 15
9,4,4,1,1,p-v1,2,V1,13 ok
9,4,4,1,2,p-v2,1,V2,15 15 0
9,4,4,1,2,p-v2,2,P,okay
9,4,4,1,3,public,1,P,"15,13,2?"
9,5,4,1,2,p-v2,1,V2,15 15
9,6,4,1,2,p-v2,1,V2,15 15
9,7,4,1,1,p-v1,1,P,13 if you say yes
9,7,4,1,1,p-v1,2,V1,yes
9,8,4,1,3,public,1,V2,equal?
9,9,4,2,1,p-v1,1,P,fuck this guy
9,9,4,1,2,p-v2,1,V2,17/13?
9,9,4,1,2,p-v2,2,P,sure
9,10,4,1,4,v1-v2,1,V1,reject non-equal?
9,11,4,1,1,p-v1,1,V1,16 you 14 me?
9,11,4,1,2,p-v2,1,V2,17 you 13 me
9,11,4,1,4,v1-v2,1,V1,we can do 15-15 if we both reject
9,12,4,1,1,p-v1,1,V1,8 8 and 14?
9,12,4,1,1,p-v1,2,P,"19,11,0?"
9,12,4,1,1,p-v1,3,V1,"18., 11, 1?"
9,13,4,1,1,p-v1,1,V1,"10, 12, 8?"
9,13,4,1,2,p-v2,1,V2,15 15
9,13,4,1,2,p-v2,2,V2,?
9,14,4,1,1,p-v1,1,V1,15/15
9,14,4,1,1,p-v1,2,P,i'm down
9,14,4,1,2,p-v2,1,V2,"0,10,20?"
9,15,4,1,1,p-v1,1,V1,15 15
9,15,4,1,1,p-v1,2,V1,?
9,6,5,1,1,p-v1,1,V1,15 15?
9,6,5,1,2,p-v2,1,P,15 15
9,6,5,1,2,p-v2,2,V2,okay
9,7,5,1,1,p-v1,1,V1,15 15
9,7,5,1,1,p-v1,2,V1,dont split even
9,7,5,1,1,p-v1,3,V1,chances of risk at the end are high
9,7,5,1,1,p-v1,4,V1,or go for 11 10 9
9,7,5,1,1,p-v1,5,V1,you 11
9,7,5,1,1,p-v1,6,V1,me 10
9,7,5,1,2,p-v2,1,V2,20 12 ?
9,7,5,1,3,public,1,P,splitting even
9,7,5,1,3,public,2,V2,nice
9,7,5,1,3,public,3,V1,risk is high at the end!
9,7,5,1,3,public,4,P,ill reduce risk as fair as possible
9,7,5,1,3,public,5,V1,we will be decreasing the average
9,7,5,1,3,public,6,V1,ok
9,8,5,1,1,p-v1,1,V1,15/15
9,8,5,1,1,p-v1,2,P,17-13
9,8,5,1,1,p-v1,3,V1,bet
9,8,5,1,1,p-v1,4,P,sorry what?
9,8,5,1,1,p-v1,5,V1,yes i mean
9,8,5,1,1,p-v1,6,P,okay
9,8,5,1,3,public,1,V2,equal
9,8,5,1,4,v1-v2,1,V2,or 15 15
9,8,5,1,4,v1-v2,2,V2,17 13
9,9,5,2,1,p-v1,1,P,17 13
9,9,5,2,1,p-v1,2,P,u 17
9,9,5,2,1,p-v1,3,V1,sure
9,9,5,2,2,p-v2,1,V2,me 12 you 12?
9,9,5,1,3,public,1,P,what say?
9,9,5,1,3,public,2,V1,"even , or 11 10 9"
9,9,5,1,4,v1-v2,1,V2,17 13
9,9,5,2,4,v1-v2,1,V2,equal?
9,9,5,2,4,v1-v2,2,V2,9?
9,9,5,2,4,v1-v2,3,V1,in not the proposer
9,10,5,1,1,p-v1,1,V1,17 you 13 me?
9,11,5,1,2,p-v2,1,V2,15/15
9,11,5,2,2,p-v2,1,V2,15/15
9,12,5,1,1,p-v1,1,V1,15 15
9,12,5,2,1,p-v1,1,P,12 for you?
9,12,5,2,1,p-v1,2,P,15 for me?
9,12,5,2,1,p-v1,3,V1,ok
9,12,5,2,1,p-v1,4,P,cool
9,12,5,2,2,p-v2,1,P,10 for you?
9,12,5,2,2,p-v2,2,V2,yes
9,12,5,2,2,p-v2,3,V2,you wanna go 15 15
9,12,5,2,2,p-v2,4,P,yeah
9,12,5,1,3,public,1,V2,equal?
9,12,5,2,3,public,1,V2,11 10 9
9,12,5,2,3,public,2,V1,ok
9,12,5,2,3,public,3,V2,or 12 9 9
9,13,5,1,2,p-v2,1,V2,15/15
9,13,5,1,2,p-v2,2,P,how about 17/13
9,13,5,1,2,p-v2,3,V2,sure
9,13,5,1,3,public,1,V1,equally?
9,13,5,1,3,public,2,V2,sure
9,14,5,1,1,p-v1,1,V1,15 15
9,14,5,1,3,public,1,V2,even?
9,14,5,1,3,public,2,P,even?
9,15,5,1,1,p-v1,1,P,17 - 13?
9,15,5,1,1,p-v1,2,V1,okY
9,15,5,1,3,public,1,V2,even
9,15,5,1,4,v1-v2,1,V2,15 15
10,1,1,1,3,public,1,P,I think even divison among us is best
10,1,1,1,3,public,2,V2,sounds good
10,2,1,1,2,p-v2,1,P,will you accept if I give you $13
10,2,1,1,2,p-v2,2,V2,yes
10,2,1,1,3,public,1,V1,i think it is best if we divide evenly
10,2,1,1,3,public,2,P,ok
10,2,1,1,4,v1-v2,1,V1,reject is less than $10
10,3,1,1,2,p-v2,1,P,How about I give you  15
10,3,1,1,2,p-v2,2,P,agree?
10,3,1,1,2,p-v2,3,V2,sure
10,3,1,1,3,public,1,V1,hi
10,4,1,1,1,p-v1,1,P,15 and 15 ?
10,4,1,1,1,p-v1,2,V1,sure
10,4,1,1,2,p-v2,1,V2,12 for me is an accept
10,6,1,1,1,p-v1,1,V1,i will accept for 12
10,6,1,1,1,p-v1,2,V1,
10,7,1,1,1,p-v1,1,P,what you want
10,7,1,1,1,p-v1,2,V1,10\\\\10\\\\10
10,7,1,1,1,p-v1,3,V1,get out of here faster
10,7,1,1,1,p-v1,4,P,will you accept if I give you 11 and keep the rest
10,7,1,1,1,p-v1,5,V1,sure
10,7,1,2,1,p-v1,1,V1,10\\\\10\\\\10?
10,7,1,2,1,p-v1,2,P,I would love that but people arent playing that way
10,7,1,2,1,p-v1,3,P,i need to make up my losses
10,7,1,2,1,p-v1,4,V1,alright
10,7,1,2,1,p-v1,5,P,15/15 ?
10,7,1,2,1,p-v1,6,V1,sure
10,7,1,1,2,p-v2,1,V2,16 for you 14 me ?
10,7,1,1,2,p-v2,2,V2,18 you 12 me?
10,7,1,1,2,p-v2,3,V2,or even?
10,7,1,1,2,p-v2,4,P,the other guy will do it for 12
10,7,1,1,2,p-v2,5,V2,My offer stands
10,7,1,2,2,p-v2,1,P,20 me 10 you?
10,7,1,2,2,p-v2,2,V2,12 at mininum
10,8,1,1,1,p-v1,1,V1,hi
10,8,1,1,4,v1-v2,1,V2,do not offer less than 14. He should lower his own money to accomodate
10,9,1,1,1,p-v1,1,V1,21 and 9?
10,9,1,1,1,p-v1,2,P,Are you sure?
10,9,1,1,1,p-v1,3,V1,sure
10,9,1,1,1,p-v1,4,P,cool
10,9,1,1,1,p-v1,5,V1,cool
10,9,1,2,1,p-v1,1,V1,"13,17?"
10,9,1,2,1,p-v1,2,P,19 11
10,9,1,2,1,p-v1,3,V1,ok
10,9,1,1,2,p-v2,1,V2,can you give me 13?
10,9,1,1,2,p-v2,2,V2,you keep 17
10,9,1,1,2,p-v2,3,P,negotiable?
10,9,1,1,2,p-v2,4,V2,yes
10,9,1,1,2,p-v2,5,V2,11?
10,9,1,2,2,p-v2,1,V2,Your'e good
10,9,1,2,2,p-v2,2,P,thanks
10,10,1,1,1,p-v1,1,V1,"19,11?"
10,10,1,1,1,p-v1,2,P,other offered
10,10,1,1,1,p-v1,3,P,10 20?
10,10,1,1,1,p-v1,4,V1,ok
10,10,1,1,2,p-v2,1,V2,"you keep 19 and give me 11, i'll agree"
10,10,1,1,2,p-v2,2,P,okay
10,11,1,1,1,p-v1,1,V1,12
10,11,1,1,1,p-v1,2,P,"the other one is offering 11, can you do 10?"
10,11,1,1,1,p-v1,3,V1,no
10,11,1,1,2,p-v2,1,V2,i will offer a dollar less than what the other person is offering
10,11,1,1,2,p-v2,2,P,"the other one is offering 12, 11 work for you?"
10,11,1,1,2,p-v2,3,V2,that works
10,11,1,1,4,v1-v2,1,V1,lets see if we can take his money
10,11,1,1,4,v1-v2,2,V1,with solidarity
10,11,1,1,4,v1-v2,3,V2,omg yes
10,11,1,1,4,v1-v2,4,V2,what did you have in mind
10,11,1,1,4,v1-v2,5,V1,offer 16
10,11,1,1,4,v1-v2,6,V1,and ill offer 16
10,11,1,1,4,v1-v2,7,V2,ok
10,12,1,1,1,p-v1,1,V1,hey
10,12,1,1,1,p-v1,2,P,hey
10,12,1,1,1,p-v1,3,V1,want to split? ill take 12
10,12,1,1,1,p-v1,4,P,cool
10,12,1,1,2,p-v2,1,V2,"19, 11?"
10,12,1,1,2,p-v2,2,P,great
10,13,1,1,2,p-v2,1,V2,"you keep 19 and give me 11, i'll agree"
10,13,1,1,2,p-v2,2,P,he said the same
10,13,1,1,2,p-v2,3,V2,10
10,13,1,1,2,p-v2,4,P,the metagame has evolved
10,13,1,1,2,p-v2,5,P,ok
10,13,1,1,2,p-v2,6,V2,hhhh
10,13,1,1,2,p-v2,7,V2,TRUE
10,14,1,1,1,p-v1,1,V1,i will offer a dolllar less than the other person
10,14,1,1,1,p-v1,2,P,"the other one offer 10, is 9 working for you?"
10,14,1,1,1,p-v1,3,V1,ok
10,14,1,1,1,p-v1,4,P,ok
10,14,1,2,1,p-v1,1,V1,we should divide evenly
10,14,1,2,1,p-v1,2,P,I'll keep my word
10,14,1,2,1,p-v1,3,P,dont worry
10,14,1,3,1,p-v1,1,V1,"you keep 19 and give me 11, i'll agree"
10,14,1,1,2,p-v2,1,V2,20 10?
10,14,1,2,2,p-v2,1,V2,"you keep 20 and give me 10, i'll agree"
10,14,1,3,2,p-v2,1,V2,lol
10,14,1,3,2,p-v2,2,P,why lol
10,14,1,3,2,p-v2,3,P,other is offering 11 will you do $10
10,14,1,3,2,p-v2,4,V2,oh sorry mix up
10,14,1,3,2,p-v2,5,V2,i'll do 7
10,14,1,1,4,v1-v2,1,V1,are you offering 10$
10,14,1,1,4,v1-v2,2,V1,he is trying to play us
10,14,1,1,4,v1-v2,3,V2,So 15 15 after reject?
10,14,1,1,4,v1-v2,4,V1,yes
10,14,1,2,4,v1-v2,1,V1,i asked to divide evenly
10,14,1,2,4,v1-v2,2,V1,he is playing games
10,14,1,3,4,v1-v2,1,V2,so whats the plan?
10,14,1,3,4,v1-v2,2,V2,25 5?
10,14,1,3,4,v1-v2,3,V1,Im not the proposer
10,14,1,3,4,v1-v2,4,V1,his is playing the game
10,15,1,1,1,p-v1,1,V1,20 10?
10,15,1,1,1,p-v1,2,V1,negotiable
10,15,1,1,2,p-v2,1,V2,i will offer a dollar less than the other person
10,1,2,1,2,p-v2,1,V2,"You keep 17 and give me 13, I'll accept"
10,1,2,1,2,p-v2,2,P,cool
10,2,2,1,1,p-v1,1,V1,divide 15 and 15
10,2,2,1,1,p-v1,2,V1,you will get my vote
10,2,2,1,3,public,1,V1,Hello
10,2,2,1,3,public,2,V2,hey
10,2,2,1,3,public,3,P,Hi
10,2,2,1,3,public,4,V2,even split?
10,2,2,1,3,public,5,P,sure
10,2,2,1,3,public,6,V1,cool
10,3,2,1,1,p-v1,1,P,hi I will accept only if i am given $12 or more
10,3,2,1,1,p-v1,2,P,oh shit im the proposer
10,3,2,1,1,p-v1,3,V1,how about $13 for you $17 for you
10,3,2,1,1,p-v1,4,P,uhhh
10,3,2,1,1,p-v1,5,V1,LOL
10,3,2,1,1,p-v1,6,P,i read the thing wrong
10,3,2,1,1,p-v1,7,V1,*13 for me I mean
10,3,2,1,1,p-v1,8,V1,or 13 me $16 you $1 for 2
10,3,2,1,2,p-v2,1,V2,"Give me 12 and keep the rest, I'll accept"
10,4,2,1,1,p-v1,1,V1,"Hey give me 13 and keep the rest, I'll accept"
10,4,2,1,2,p-v2,1,V2,Can you give me 14?
10,4,2,1,2,p-v2,2,V2,you can keep for 16
10,4,2,1,2,p-v2,3,P,okay
10,5,2,1,1,p-v1,1,V1,keep 15 and give me 15
10,5,2,1,1,p-v1,2,P,deal
10,5,2,1,1,p-v1,3,V1,or you keep 16
10,5,2,1,1,p-v1,4,V1,deal 16 14
10,5,2,1,2,p-v2,1,V2,"you keep 18 and give me 12, i'll agree"
10,5,2,1,2,p-v2,2,P,deal
10,6,2,1,1,p-v1,1,V1,"How about 15, 15?"
10,7,2,1,1,p-v1,1,V1,Hi how are you?
10,7,2,1,1,p-v1,2,P,hey
10,7,2,1,1,p-v1,3,V1,Want to split it? i'll take 2
10,7,2,1,1,p-v1,4,P,so i'll have 28?
10,7,2,1,1,p-v1,5,V1,ah i meant 2
10,7,2,1,1,p-v1,6,V1,12
10,7,2,1,1,p-v1,7,P,oh okay cool
10,7,2,1,1,p-v1,8,V1,my keyboard is broken oops
10,7,2,1,2,p-v2,1,V2,Can you give me 15?
10,7,2,1,2,p-v2,2,V2,I vote u
10,7,2,1,2,p-v2,3,P,how about 13
10,7,2,1,2,p-v2,4,V2,sure
10,8,2,1,1,p-v1,1,V1,19 11?
10,8,2,1,1,p-v1,2,V1,deal
10,8,2,1,1,p-v1,3,P,sounds good
10,8,2,1,2,p-v2,1,V2,even split?
10,8,2,1,2,p-v2,2,V2,Ill negotiate
10,8,2,1,2,p-v2,3,V2,18 you 12 me
10,8,2,1,2,p-v2,4,P,I have offer for 11
10,8,2,1,2,p-v2,5,V2,20 and 10
10,8,2,1,2,p-v2,6,P,cool
10,9,2,1,1,p-v1,1,V1,hi whatever the other player is offering I will do a dollar less
10,10,2,1,1,p-v1,1,P,offer?
10,10,2,1,1,p-v1,2,V1,22 and 8
10,10,2,1,2,p-v2,1,V2,19 11 negotiable
10,10,2,1,2,p-v2,2,P,ok
10,11,2,1,1,p-v1,1,V1,19 11?
10,11,2,1,1,p-v1,2,P,cool
10,11,2,1,1,p-v1,3,V1,cool
10,11,2,2,1,p-v1,1,V1,how about 25 5
10,11,2,1,2,p-v2,1,V2,19 11?
10,11,2,2,2,p-v2,1,P,how much?
10,11,2,2,2,p-v2,2,V2,"12,18?"
10,11,2,2,2,p-v2,3,P,19 11
10,11,2,2,2,p-v2,4,V2,ok
10,12,2,1,1,p-v1,1,V1,18 and 12
10,13,2,1,1,p-v1,1,V1,20 10?
10,13,2,1,1,p-v1,2,P,?
10,13,2,1,1,p-v1,3,P,okay
10,13,2,1,2,p-v2,1,P,?
10,13,2,1,2,p-v2,2,V2,i will offer a dollar less than the other person
10,14,2,2,1,p-v1,1,P,how much
10,14,2,2,1,p-v1,2,V1,15/15?
10,14,2,2,1,p-v1,3,P,cool
10,14,2,1,2,p-v2,1,V2,20 10
10,14,2,1,2,p-v2,2,P,cool
10,14,2,2,2,p-v2,1,V2,well that was rude
10,1,3,1,3,public,1,V1,hello
10,1,3,1,3,public,2,P,hi
10,1,3,1,3,public,3,V2,Hi
10,2,3,1,1,p-v1,1,V1,"You keep 17 and give me 13, I'll accept"
10,2,3,1,2,p-v2,1,V2,Hello. I hope you are having a good day
10,3,3,1,2,p-v2,1,V2,divide 15 and 15
10,3,3,1,2,p-v2,2,V2,get my vote
10,3,3,1,2,p-v2,3,V2,majority 2 of 3
10,4,3,1,1,p-v1,1,V1,"you keep 17 and give me 13, i'll agree"
10,4,3,1,2,p-v2,1,V2,"Hello, i hope your day is good"
10,4,3,1,2,p-v2,2,P,good and yourself
10,4,3,1,2,p-v2,3,P,i will give you 12 if you accept
10,4,3,1,2,p-v2,4,V2,yes
10,5,3,1,1,p-v1,1,V1,i will accept 12 and you $18
10,5,3,1,1,p-v1,2,P,ok
10,5,3,1,2,p-v2,1,V2,keep 17 and give me 13
10,5,3,1,2,p-v2,2,P,ok
10,6,3,1,1,p-v1,1,V1,keep 19 give me 11
10,6,3,1,1,p-v1,2,P,sounds good
10,6,3,1,2,p-v2,1,V2,"you keep 17 and give me 13, i'll agree"
10,6,3,1,2,p-v2,2,P,the other player is offering 11
10,6,3,1,2,p-v2,3,P,would you do 10
10,6,3,1,2,p-v2,4,V2,ok
10,7,3,1,1,p-v1,1,V1,hi i  will do 11 and you 19
10,8,3,1,1,p-v1,1,V1,hi
10,8,3,1,1,p-v1,2,P,hi
10,8,3,1,1,p-v1,3,V1,I will accept $12
10,8,3,1,1,p-v1,4,V1,you get$18
10,8,3,1,2,p-v2,1,V2,"you keep 19 and give me 11, i'll agree"
10,8,3,1,2,p-v2,2,P,ok
10,9,3,1,1,p-v1,1,V1,even split ?
10,9,3,2,1,p-v1,1,V1,"you keep 19 and give me 11, i'll agree"
10,9,3,1,2,p-v2,1,V2,my offer is 12
10,9,3,1,2,p-v2,2,P,the other one is offering 11
10,9,3,1,2,p-v2,3,P,can you do 10?
10,9,3,1,2,p-v2,4,V2,10 evenly or 12 me and you
10,9,3,2,2,p-v2,1,P,now we split 15 15 because of that
10,9,3,2,2,p-v2,2,V2,yes
10,9,3,2,2,p-v2,3,V2,beautiful
10,9,3,2,2,p-v2,4,V2,lmao
10,9,3,2,2,p-v2,5,P,#morality
10,9,3,1,4,v1-v2,1,V2,do not offer less than 14. He should lower his own money to accomodate
10,9,3,1,4,v1-v2,2,V1,10 10 10 ?
10,9,3,1,4,v1-v2,3,V2,ok
10,9,3,1,4,v1-v2,4,V1,lets vote for that
10,9,3,2,4,v1-v2,1,V2,tut tut tut
10,11,3,1,1,p-v1,1,V1,hi
10,11,3,1,1,p-v1,2,P,hey
10,11,3,1,1,p-v1,3,V1,want to split? ill take 12
10,11,3,1,1,p-v1,4,P,deal
10,12,3,1,1,p-v1,1,P,how much
10,12,3,1,1,p-v1,2,V1,12
10,12,3,1,2,p-v2,1,V2,"you keep 19 and give me 11, i'll agree"
10,12,3,1,2,p-v2,2,P,how much
10,13,3,1,1,p-v1,1,V1,How much would you like
10,13,3,1,1,p-v1,2,P,20 and 10?
10,13,3,1,1,p-v1,3,V1,"19,11?"
10,13,3,1,2,p-v2,1,V2,hi
10,13,3,1,2,p-v2,2,P,hey
10,13,3,1,2,p-v2,3,V2,hey want to split? i can do 13
10,13,3,1,2,p-v2,4,P,12?
10,13,3,1,2,p-v2,5,V2,sure
10,13,3,1,4,v1-v2,1,V1,"do you want to reject if she gives 20, 10 0?"
10,14,3,1,1,p-v1,1,V1,"19, 11?"
10,14,3,1,1,p-v1,2,P,deal
10,14,3,1,2,p-v2,1,V2,12
10,14,3,1,4,v1-v2,1,V2,dont offer less tahn 13 and I will do the same
10,14,3,1,4,v1-v2,2,V1,oo ok
10,15,3,1,1,p-v1,1,V1,19 11?
10,15,3,1,1,p-v1,2,P,"20, 10?"
10,15,3,1,1,p-v1,3,V1,okay
10,15,3,1,1,p-v1,4,V1,21 9 is also fine
10,15,3,1,1,p-v1,5,P,okay
10,15,3,1,1,p-v1,6,P,thanks
10,15,3,2,1,p-v1,1,V1,15 15
10,15,3,2,1,p-v1,2,V1,final
10,15,3,2,1,p-v1,3,V1,do evenly 10
10,15,3,2,1,p-v1,4,V1,that's better for last round
10,15,3,1,2,p-v2,1,V2,10
10,15,3,1,2,p-v2,2,P,9?
10,15,3,1,2,p-v2,3,V2,no
10,15,3,2,2,p-v2,1,V2,13 or vote no
10,15,3,1,4,v1-v2,1,V2,i will not accept 9
10,15,3,1,4,v1-v2,2,V2,you should not either
10,15,3,1,4,v1-v2,3,V1,cool
10,15,3,1,4,v1-v2,4,V2,
10,15,3,2,4,v1-v2,1,V2,make him bleed
10,15,3,2,4,v1-v2,2,V1,sure
10,15,3,2,4,v1-v2,3,V2,propose 15 and vote no otherwise
10,15,3,2,4,v1-v2,4,V1,yeah that's the plan
