Treatment,Period,Group,BoxNum,Round,Future_coalition_P,Future_coalition_V1,Future_coalition_V2,Compete_P,Compete_V1,Compete_V2,All_way_split_P,All_way_split_V1,All_way_split_V2,MWC_P,MWC_V1,MWC_V2,MaxRounds,identity,Chat
2,1,1,1,1,,,,,,,,,,,,,1,p-v1,"[V1] ""I'll let you take a larger cut if you dont pay the other guy""
[P] ""ok""
[V1] ""me- 13 you -17"""
2,1,1,3,1,,,,,,,,,,,,,1,public,"[V2] ""Equal sharing?""
[V1] ""yea im down"""
2,2,1,1,1,,,,,,,,,,,,,1,p-v1,"[V1] ""want to split 15$ among the two of us?""
[V1] ""lol""
[P] ""16 to me, 14 you and a deal""
[V1] ""sure deal"""
2,2,1,3,1,,,,,,,,,,,,,1,public,"[V2] ""equal distribution - 10 each. Agreed?""
[V1] ""ok"""
2,3,1,1,1,,,,,,,,,,,,,1,p-v1,"[V1] ""u take 15""
[V1] ""give me 14 or 12 ""
[P] ""ill give you 12""
[V1] ""ok"""
2,3,1,3,1,,,,,,,,,,,,,1,public,"[V2] ""hola""
[V2] ""whats the plan"""
2,4,1,1,1,,,,,,,,,,,,,1,p-v1,"[P] ""14 for you 16 for me?"""
2,4,1,2,1,,,,,,,,,,,,,1,p-v2,"[V2] ""u take15 or 18""
[V2] ""give me 12""
[P] ""alright"""
2,5,1,1,1,,,,,,,,,,,,,1,p-v1,"[P] ""offer?""
[V1] ""how about 15/5/10?"""
2,5,1,2,1,,,,,,,,,,,,,1,p-v2,"[P] ""offer?""
[V2] ""0/13/17""
[P] ""0 12 18?""
[V2] ""lol""
[P] ""other person has the same offer lol""
[V2] ""sure""
[P] ""ok"""
2,5,1,3,1,,,,,,,,,,,,,1,public,"[V1] ""10 each?"""
2,6,1,1,1,,,,,,,,,,,,,2,p-v1,"[V1] ""17 and 13?""
[P] ""I have offer for 22 and 8""
[P] ""will you take 7?""
[P] ""?"""
2,6,1,1,2,,,,,,,,,,,,,2,p-v1,"[V1] ""hey""
[V1] ""20, 10?"""
2,6,1,2,1,,,,,,,,,,,,,2,p-v2,"[P] ""22 and 8?""
[P] ""?""
[V2] ""10 each or no go"""
2,6,1,2,2,,,,,,,,,,,,,2,p-v2,"[V2] ""17 and 13?"""
2,6,1,3,1,,,,,,,,,,,,,2,public,"[V2] ""Split equally?""
[V1] ""Split"""
2,6,1,4,1,,,,,,,,,,,,,2,v1-v2,"[V1] ""What do you wanna do?""
[V1] ""10 each?""
[V2] ""yeah ""
[V1] ""Cuz he offered me 7""
[V1] ""and 8 to you""
[V2] ""I guess that's not too bad either ""
[V2] ""He also just offered me 22 and 8 ""
[V1] ""But we get to decide""
[V1] ""Why let that person freeload?""
[V2] ""so do you want to insist on 10 each and keep rejecting until then ""
[V1] ""We have 2 votes""
[V1] ""Yepp""
[V1] ""Let's take 10""
[V2] ""sounds good"""
2,7,1,1,1,,,,,,,,,,,,,1,p-v1,"[V1] ""want to 15 and 15"""
2,7,1,3,1,,,,,,,,,,,,,1,public,"[V2] ""Subject 2... you rock!"""
2,8,1,1,1,,,,,,,,,,,,,2,p-v1,"[V1] ""13/17?""
[P] ""1/12/17?""
[P] "":P""
[V1] ""ok"""
2,8,1,2,1,,,,,,,,,,,,,2,p-v2,"[V2] ""20/10?""
[P] ""19/10/1?""
[V2] ""done"""
2,8,1,2,2,,,,,,,,,,,,,2,p-v2,"[V2] ""15 each?""
[P] ""ok"""
2,8,1,4,1,,,,,,,,,,,,,2,v1-v2,"[V2] ""if he gives you less than 15 dont accept""
[V1] ""ok""
[V2] ""if I am proposer next round we'll split 15 each""
[V1] ""ok"""
2,9,1,1,1,,,,,,,,,,,,,2,p-v1,"[P] ""10/0/20?"""
2,9,1,1,2,,,,,,,,,,,,,2,p-v1,"[V1] ""here we go""
[V1] ""15 each?""
[P] ""yup"""
2,9,1,2,1,,,,,,,,,,,,,2,p-v2,"[P] ""0/10/20?""
[V2] ""done"""
2,9,1,2,2,,,,,,,,,,,,,2,p-v2,"[V2] ""19/0/11?"""
2,9,1,4,1,,,,,,,,,,,,,2,v1-v2,"[V2] ""if he gives less than 15 dont accept""
[V2] ""next round lets split equally?""
[V1] ""okay"""
2,10,1,1,1,,,,,,,,,,,,,2,p-v1,"[V1] ""18/12 or 20/10""
[P] ""25/5?""
[V1] ""no"""
2,10,1,1,2,,,,,,,,,,,,,2,p-v1,"[V1] ""ok 10 ?"""
2,10,1,4,1,,,,,,,,,,,,,2,v1-v2,"[V2] ""if he gives less than 15 don't accept""
[V2] ""next round we'll split equally""
[V2] ""?""
[V1] ""ok done""
[V2] ""cool"""
2,11,1,1,1,,,,,,,,,,,,,1,p-v1,"[V1] ""16 14?"""
2,11,1,2,1,,,,,,,,,,,,,1,p-v2,"[V2] ""12 for me rest for you""
[V2] ""or 10/20""
[P] ""20/10""
[V2] ""okay'"""
2,11,1,3,1,,,,,,,,,,,,,1,public,"[V1] ""hi"""
2,11,1,4,1,,,,,,,,,,,,,1,v1-v2,"[V1] ""If unfair, we can 15 15 in next round by rejecting""
[V2] ""alright"""
2,12,1,1,1,,,,,,,,,,,,,1,p-v1,"[V1] ""12/18/0?""
[P] ""ok""
[V1] ""ok"""
2,12,1,2,1,,,,,,,,,,,,,1,p-v2,"[V2] ""give me 12"""
2,13,1,1,1,,,,,,,,,,,,,1,p-v1,"[V1] ""20 and 10?""
[P] ""why so low""
[V1] ""You want more?"""
2,13,1,2,1,,,,,,,,,,,,,1,p-v2,"[P] ""before you guys starting collabing""
[P] ""I will do 15 15 for us""
[P] ""sound good?""
[V2] ""yup""
[P] ""stick to it""
[P] ""lets make a code word just in case""
[P] ""tapatio sauce""
[P] ""good?""
[P] ""say it back""
[V2] ""don't worry I've been scammed too many times Ill stick to it ""
[P] ""ok""
[V2] ""tapatio sauce"""
2,13,1,4,1,,,,,,,,,,,,,1,v1-v2,"[V1] ""15 each?""
[V1] ""Reject whatever they offer?"""
2,14,1,1,1,,,,,,,,,,,,,2,p-v1,"[P] ""11-19?""
[V1] ""yeahh"""
2,14,1,3,1,,,,,,,,,,,,,2,public,"[P] ""Hello!""
[V1] ""hi""
[P] ""How you guys wanna split?""
[V2] ""hi!""
[V2] ""its dope if you split evenly""
[V1] ""lol"""
2,14,1,4,1,,,,,,,,,,,,,2,v1-v2,"[V2] ""reject if they offer less than 15""
[V1] ""reject anything less than 15""
[V1] ""done""
[V2] ""we can split it next round""
[V1] ""yess""
[V2] ""id accept a 3 way split tho"""
2,14,1,4,2,,,,,,,,,,,,,2,v1-v2,"[V2] ""please split with me""
[V1] ""yess"""
2,15,1,1,1,,,,,,,,,,,,,1,p-v1,"[P] ""offer?""
[V1] ""13/0/17?""
[P] ""mkay"""
2,15,1,2,1,,,,,,,,,,,,,1,p-v2,"[P] ""offer?""
[V2] ""20/10?"""
2,1,2,3,1,,,,,,,,,,,,,1,public,"[V1] ""hi""
[V2] ""hi""
[P] ""Hi""
[V1] ""so how are yo guys doing""
[V1] ""you*""
[V2] ""how are we dividing the amount?""
[V1] ""10 each""
[V1] ""?""
[V2] ""sounds good""
[P] ""Yeah """
2,2,2,1,1,,,,,,,,,,,,,1,p-v1,"[V1] ""15/15/0?"""
2,2,2,3,1,,,,,,,,,,,,,1,public,"[V2] ""hii""
[V1] ""hi""
[V2] ""10 each?"""
2,2,2,4,1,,,,,,,,,,,,,1,v1-v2,"[V1] ""15/15/0?""
[V2] ""proposer is subj 3"""
2,3,2,1,1,,,,,,,,,,,,,1,p-v1,"[V1] ""split it with me 15 15?""
[P] ""same offer from 2""
[P] ""better deal?""
[V1] ""12 12 6?""
[V1] ""me and you both get 12""
[V1] ""or i could do 16 14""
[V1] ""you get 16"""
2,3,2,2,1,,,,,,,,,,,,,1,p-v2,"[V2] ""Wanna split 15 and 15""
[P] ""same offer from 1""
[P] ""better deal?""
[V2] ""hm 17 to you 13 me ""
[P] ""done!"""
2,3,2,3,1,,,,,,,,,,,,,1,public,"[P] ""Hello""
[V2] ""hello"""
2,4,2,1,1,,,,,,,,,,,,,1,p-v1,"[V1] ""hey 10 each works?"""
2,4,2,2,1,,,,,,,,,,,,,1,p-v2,"[P] ""want to slpit it between us?""
[V2] ""yes""
[V2] ""sure! lol"""
2,4,2,3,1,,,,,,,,,,,,,1,public,"[V1] ""10 each ?""
[V2] ""yup""
[V2] ""subject3??"""
2,5,2,1,1,,,,,,,,,,,,,1,p-v1,"[P] ""17/13/0?""
[V1] ""let' just split equally"""
2,5,2,2,1,,,,,,,,,,,,,1,p-v2,"[P] ""17/13/0/""
[P] ""?""
[V2] ""done"""
2,5,2,3,1,,,,,,,,,,,,,1,public,"[V1] ""split equally?""
[V2] ""equal share guys?""
[V2] ""yeahh"""
2,6,2,1,1,,,,,,,,,,,,,1,p-v1,"[V1] ""13 17?""
[P] ""12 18""
[V1] ""cool""
[V1] ""ill acccept if its 12"""
2,6,2,4,1,,,,,,,,,,,,,1,v1-v2,"[V2] ""13/17?""
[V1] ""yeah"""
2,7,2,1,1,,,,,,,,,,,,,3,p-v1,"[V1] ""12 18?""
[P] ""no""
[V1] ""?""
[V1] ""11 19?"""
2,7,2,1,3,,,,,,,,,,,,,3,p-v1,"[V1] ""haha""
[V1] ""now it worked""
[P] ""yeah""
[V1] ""cool""
[P] ""13 17?""
[V1] ""common man""
[V1] ""15 15"""
2,7,2,2,1,,,,,,,,,,,,,3,p-v2,"[V2] ""13 17?""
[P] ""no"""
2,7,2,2,3,,,,,,,,,,,,,3,p-v2,"[V2] ""yo""
[V2] ""10 to me 20 to you""
[P] ""sure""
[V2] ""k""
[V2] ""what is the other guy telling you""
[P] ""15""
[V2] ""I'm 10""
[P] ""im going ahead with 10 20"""
2,7,2,3,1,,,,,,,,,,,,,3,public,"[P] ""ok listen""
[P] ""I want to have every round I'm in be fair""
[P] ""because on average, if we don't cheat each other""
[P] ""we all come out with more money""
[P] ""hopefully $30 each""
[V1] ""ok fair enough""
[P] ""so!""
[V2] ""yeah""
[P] ""from now on, I want you guys to propose this same deal""
[P] ""*same deal""
[P] ""and try to convince other people too""
[P] ""I want $30 out of this experiment ""
[P] ""no more no less""
[P] ""the other experiments are harder to make money on sometimes""
[V2] ""sure""
[P] ""so this is the easiest""
[P] ""lets be fair""
[V2] ""yeah""
[P] ""on average better payout"""
2,7,2,3,2,,,,,,,,,,,,,3,public,"[P] ""LOL""
[P] ""you guys are the worst""
[V1] ""lol""
[P] ""tell me what you want""
[P] ""same proposer""
[V2] ""ok lets do 10 10 10""
[V1] ""lol""
[V1] ""cool""
[P] ""thats what I thought"""
2,7,2,3,3,,,,,,,,,,,,,3,public,"[V2] ""you guys suck""
[V2] ""fr"""
2,7,2,4,1,,,,,,,,,,,,,3,v1-v2,"[V1] ""lets reject any of his proposal and split 15$ each in n ext round?""
[V2] ""does any one of us become the propser next round?""
[V1] ""yes""
[V2] ""im up""
[V1] ""cool...lets reject his 10 10 10 offer lol""
[V2] ""cool""
[V2] ""do our ids remain same?""
[V1] ""yup""
[V2] ""how do i know that 1 is you?""
[V1] ""it was in the rules""
[V2] ""cool"""
2,7,2,4,2,,,,,,,,,,,,,3,v1-v2,"[V2] ""how is it the same?""
[V1] ""it is randomly re alloted""
[V1] ""i think he got picked again"""
2,7,2,4,3,,,,,,,,,,,,,3,v1-v2,"[V1] ""haha""
[V1] ""he is cheating me for 13 17"""
2,8,2,1,1,,,,,,,,,,,,,1,p-v1,"[P] ""20/10? cuz the other person wanted to screw you out""
[V1] ""ok"""
2,8,2,2,1,,,,,,,,,,,,,1,p-v2,"[V2] ""16 you 14 me"""
2,8,2,3,1,,,,,,,,,,,,,1,public,"[V1] ""we should split evenly""
[V1] ""its fair""
[V1] ""and we have better odds of leaving with more money if we dont cheat""
[V2] ""okay fair"""
2,8,2,4,1,,,,,,,,,,,,,1,v1-v2,"[V2] ""okay before you agree to anything here's the deal""
[V1] ""?"""
2,9,2,1,1,,,,,,,,,,,,,1,p-v1,"[V1] ""12/18?"""
2,9,2,2,1,,,,,,,,,,,,,1,p-v2,"[V2] ""hey""
[V2] ""18/12""
[V2] ""?""
[V2] ""or 20/10?""
[P] ""ok""
[V2] ""great"""
2,10,2,1,1,,,,,,,,,,,,,1,p-v1,"[V1] ""14/16/0?""
[V1] ""can give u more ""
[V1] ""negotiate"""
2,10,2,2,1,,,,,,,,,,,,,1,p-v2,"[V2] ""19, 11?""
[P] ""ok""
[V2] ""nice""
[V2] ""or fair if youre feeling fair haha""
[P] ""no man, already so many people played""
[V2] ""haha seriously its vicious"""
2,11,2,1,1,,,,,,,,,,,,,2,p-v1,"[V1] ""How about 17/13?""
[P] ""2 offered me 19, 11""
[V1] ""Haha...""
[V1] ""how about 20 / 10 then?""
[P] ""would you take 5?""
[V1] ""I'm not sure. maybe""
[V1] ""ok... better than 0""
[P] ""haha ok nice"""
2,11,2,1,2,,,,,,,,,,,,,2,p-v1,"[V1] ""20 10?""
[V1] ""you get 20""
[P] ""cool...""
[V1] ""dope""
[P] ""+1 for you ! :)"""
2,11,2,2,1,,,,,,,,,,,,,2,p-v2,"[V2] ""19 11?""
[V2] ""20 10?""
[P] ""ok""
[V2] ""cool""
[V2] ""ill do 21 9 if they offered the same"""
2,11,2,2,2,,,,,,,,,,,,,2,p-v2,"[V2] ""you didnt take 5!"""
2,11,2,3,1,,,,,,,,,,,,,2,public,"[P] ""hi"""
2,11,2,4,1,,,,,,,,,,,,,2,v1-v2,"[V2] ""reject the offer"""
2,12,2,1,1,,,,,,,,,,,,,1,p-v1,"[V1] ""10/20?"""
2,12,2,2,1,,,,,,,,,,,,,1,p-v2,"[V2] ""how about 19, 11?""
[P] ""Lol""
[P] ""No ned to say boss due chill""
[V2] ""hahaha"""
2,12,2,3,1,,,,,,,,,,,,,1,public,"[P] ""Hello!""
[V1] ""Hi""
[V2] ""hii boss""
[V2] """""
2,13,2,1,1,,,,,,,,,,,,,1,p-v1,"[V1] ""11-19?"""
2,13,2,2,1,,,,,,,,,,,,,1,p-v2,"[V2] ""18 12?"""
2,13,2,3,1,,,,,,,,,,,,,1,public,"[P] ""hi""
[V1] ""Hello!"""
2,14,2,1,4,,,,,,,,,,,,,4,p-v1,"[V1] ""15 15""
[V1] ""?"""
2,14,2,2,1,,,,,,,,,,,,,4,p-v2,"[V2] ""12 ?"""
2,14,2,4,1,,,,,,,,,,,,,4,v1-v2,"[V1] ""reject if less than 15""
[V1] ""then it gets thrown to us""
[V2] ""done""
[V1] ""kk"""
2,15,2,1,1,,,,,,,,,,,,,1,p-v1,"[P] ""44183""
[V1] ""cool""
[V1] ""deal"""
2,15,2,2,1,,,,,,,,,,,,,1,p-v2,"[V2] ""hey""
[V2] ""20/10?""
[P] ""alright""
[V2] ""ok"""
2,15,2,4,1,,,,,,,,,,,,,1,v1-v2,"[V1] ""reject anything below 15""
[V1] ""we will split next round"""
2,1,3,1,1,,,,,,,,,,,,,1,p-v1,"[P] ""hi""
[V1] ""hello""
[P] ""any suggestions""
[V1] ""15 for you, 13 for me, 2 for the last person -- I'll approve""
[P] ""ok""
[P] ""done"""
2,1,3,2,1,,,,,,,,,,,,,1,p-v2,"[P] ""hi""
[V2] ""hey""
[V2] ""how are we gonna divide?""
[P] ""what u suggest""
[V2] ""I guess equal is better""
[V2] ""?"""
2,1,3,4,1,,,,,,,,,,,,,1,v1-v2,"[V2] ""How are we dividing?"""
2,2,3,1,1,,,,,,,,,,,,,1,p-v1,"[V1] ""Hey!"""
2,2,3,3,1,,,,,,,,,,,,,1,public,"[P] ""share equally?""
[V2] ""hi everyone 10/10/10?""
[V2] ""yes i want to keep it fair"""
2,3,3,1,1,,,,,,,,,,,,,1,p-v1,"[V1] ""17/13/0?""
[P] ""15/0/5""
[P] ""10/15/5?""
[V1] ""sure"""
2,3,3,2,1,,,,,,,,,,,,,1,p-v2,"[V2] ""how u feel about splitting evenly?""
[V2] ""with all three haha""
[P] ""I was going to do that but hen subject  wanted to do 17/13/0 so how about we do 15 to both of us and 0 for subject  1""
[V2] ""hmmmm""
[V2] ""i would be greedy but you have the power to punish for that haha"""
2,3,3,3,1,,,,,,,,,,,,,1,public,"[V2] ""hi""
[P] ""Hi"""
2,4,3,2,1,,,,,,,,,,,,,1,p-v2,"[V2] ""15 you 15 me?"""
2,4,3,3,1,,,,,,,,,,,,,1,public,"[P] ""hi""
[V1] ""10 each?""
[P] ""i just got jipped on the last one""
[P] ""haha so feeling pretty fair""
[V2] ""lol works for me""
[V1] ""Yeah sucks happened to me too"""
2,5,3,1,1,,,,,,,,,,,,,1,p-v1,"[V1] ""hey""
[P] ""offer?""
[V1] ""10 for me, 20 for you""
[P] ""done""
[V1] ""go ahead""
[V1] ""propose"""
2,5,3,2,1,,,,,,,,,,,,,1,p-v2,"[P] ""offer?""
[V2] ""16/14/0"""
2,6,3,1,1,,,,,,,,,,,,,1,p-v1,"[V1] ""15 - 15 split?"""
2,6,3,2,1,,,,,,,,,,,,,1,p-v2,"[V2] ""15 you 15 me?""
[P] ""alright"""
2,7,3,1,1,,,,,,,,,,,,,1,p-v1,"[P] ""20 10?""
[P] ""21 9?"""
2,7,3,2,1,,,,,,,,,,,,,1,p-v2,"[V2] ""19 11?""
[P] ""20 10?""
[V2] ""yes""
[V2] ""21 9 even""
[P] ""20 10, done!"""
2,7,3,4,1,,,,,,,,,,,,,1,v1-v2,"[V1] ""they offered me 10 so they can have 20""
[V1] ""we should both reject and split the offer between us when its reassigned"""
2,8,3,1,1,,,,,,,,,,,,,1,p-v1,"[V1] ""14/16/0?""
[V1] ""can give u more""
[V1] ""negotiate""
[P] ""alright""
[P] ""18/12?""
[V1] ""fine"""
2,8,3,2,1,,,,,,,,,,,,,1,p-v2,"[V2] ""want to do 15 and 15""
[P] ""ok""
[V2] ""do want more""
[V2] ""you *"""
2,10,3,1,1,,,,,,,,,,,,,1,p-v1,"[V1] ""17 and 13?""
[V1] ""actuallu no""
[V1] ""10 each?"""
2,10,3,2,1,,,,,,,,,,,,,1,p-v2,"[V2] ""18-12?"""
2,10,3,3,1,,,,,,,,,,,,,1,public,"[V2] ""Hey""
[P] ""hey"""
2,10,3,4,1,,,,,,,,,,,,,1,v1-v2,"[V1] ""Lets insist for 10 each?""
[V2] ""Sounds Legit"""
2,11,3,2,1,,,,,,,,,,,,,1,p-v2,"[V2] ""12 18?""
[P] ""Cool!""
[V2] ""go ahead"""
2,11,3,3,1,,,,,,,,,,,,,1,public,"[P] ""Hey""
[V1] ""equal split?"""
2,12,3,1,1,,,,,,,,,,,,,2,p-v1,"[V1] ""20 10?""
[P] ""deal"""
2,12,3,1,2,,,,,,,,,,,,,2,p-v1,"[V1] ""so what's the deal"""
2,12,3,2,1,,,,,,,,,,,,,2,p-v2,"[V2] ""12 18""
[V2] ""?"""
2,12,3,2,2,,,,,,,,,,,,,2,p-v2,"[V2] ""15 15?""
[P] ""done""
[V2] ""go ahead"""
2,12,3,3,1,,,,,,,,,,,,,2,public,"[V1] ""hi"""
2,12,3,4,1,,,,,,,,,,,,,2,v1-v2,"[V1] ""If unfair, 15 each in next round?""
[V2] ""yes"""
2,13,3,1,1,,,,,,,,,,,,,1,p-v1,"[V1] ""I am good with 0""
[V1] ""10"""
2,13,3,2,1,,,,,,,,,,,,,1,p-v2,"[V2] ""offer, 20/10""
[P] ""ok"""
2,13,3,3,1,,,,,,,,,,,,,1,public,"[P] ""hi"""
2,13,3,4,1,,,,,,,,,,,,,1,v1-v2,"[V1] ""hey""
[V1] ""lets reject""
[V1] ""and do 15 in next?""
[V2] ""how would i know that you would?""
[V2] ""15 each?"""
2,14,3,1,1,,,,,,,,,,,,,1,p-v1,"[P] ""44183""
[V1] ""word"""
2,14,3,2,1,,,,,,,,,,,,,1,p-v2,"[P] ""44183""
[V2] ""cool"""
2,15,3,1,1,,,,,,,,,,,,,2,p-v1,"[V1] ""u 20, me 20?""
[V1] ""10 haha""
[V1] ""shoot""
[P] ""take 15 and end this"""
2,15,3,2,2,,,,,,,,,,,,,2,p-v2,"[P] ""hi""
[V2] ""15 each?""
[P] ""sure"""
2,15,3,4,1,,,,,,,,,,,,,2,v1-v2,"[V2] ""lets not accpet anythingg below 15?""
[V2] ""next round we split equal?""
[V1] ""ooo i like this""
[V1] ""okay"""
2,15,3,4,2,,,,,,,,,,,,,2,v1-v2,"[V1] ""doont accept""
[V2] ""that was a fair offer""
[V2] ""hahahah""
[V1] ""i will give u 17"""
2,1,4,1,1,,,,,,,,,,,,,1,p-v1,"[P] ""imma give u 15 a""
[P] ""and imma get 15""
[P] ""and theyre not gonna get""
[P] ""so if you vote we both get 15""
[V1] ""ok"""
2,1,4,3,1,,,,,,,,,,,,,1,public,"[P] ""hi""
[V2] ""hello""
[P] ""wait so can yall see what i just put in""
[V1] ""Hi. ""
[V1] ""no we can't see it yet""
[V2] ""Nope, not yet!""
[P] ""does it automatically go to voting if i ssubmite""
[P] ""submit***""
[V2] ""I guess so"""
2,2,4,1,1,,,,,,,,,,,,,1,p-v1,"[V1] ""hi""
[P] ""hi""
[V1] ""how are we dividing?""
[V1] ""may be 15 for you and 13 for me""
[V1] ""this will get accepted""
[P] ""yeah""
[V1] ""go ahead""
[V1] ""or 15 15 is better""
[V1] ""your call""
[P] ""ohh cool""
[V1] ""great"""
2,2,4,2,1,,,,,,,,,,,,,1,p-v2,"[V2] ""u take 15""
[V2] ""give me 10""
[P] ""doing that only""
[V2] ""and give 2nd 5""
[P] ""i'll take 16 and you take 14""
[V2] ""ok"""
2,3,4,2,1,,,,,,,,,,,,,1,p-v2,"[V2] "" here's a deal""
[P] ""what?""
[V2] ""you take 17 and I take 13""
[V2] ""hey""
[V2] ""are you talking to the other guy""
[P] ""lET ME THINK"""
2,3,4,3,1,,,,,,,,,,,,,1,public,"[P] ""10 each?""
[V1] ""theres an incentive to cheat but the odds are actually that we could all make more money in the long run if we split evenly""
[V2] ""hold on I'm having trouble reading this""
[V1] ""bc we're likely to get a 0 round for payout""
[V2] ""give me a sec""
[V2] ""this ChatTable sucks I cant scroll right""
[V1] ""yeah same issue""
[V2] ""ok honestly I agree""
[V1] ""payoff is determined by two random rounds""
[V1] ""if one is 15 and one is 0,"""
2,4,4,1,1,,,,,,,,,,,,,1,p-v1,"[P] ""hey""
[P] ""imma give them 0a""
[V1] ""16/14/0""
[P] ""and just split it between us""
[V1] ""yes""
[P] ""aight"""
2,4,4,2,1,,,,,,,,,,,,,1,p-v2,"[V2] ""15/15/0?"""
2,5,4,1,1,,,,,,,,,,,,,1,p-v1,"[V1] ""15 you and 15 me?""
[P] ""17/13?"""
2,5,4,4,1,,,,,,,,,,,,,1,v1-v2,"[V1] ""wanna get 15 to you and 15 to me? we can reject whatever they're proposing, one of us will be chosen as a proposer and then we can split it evenly"""
2,6,4,1,1,,,,,,,,,,,,,1,p-v1,"[P] ""want to split it?"""
2,6,4,3,1,,,,,,,,,,,,,1,public,"[V1] ""hey""
[V2] ""hi""
[V1] ""idk if you saw somebody say it before already""
[V1] ""but we should do 10-10-10""
[V1] ""more payout for everyone on average ""
[V1] ""if we don't cheat each other""
[V2] ""thats fair""
[V1] ""I think we all want $30 at the end of this""
[V1] ""better than taking the risk"""
2,7,4,1,1,,,,,,,,,,,,,1,p-v1,"[V1] ""14/16/0?"""
2,7,4,2,1,,,,,,,,,,,,,1,p-v2,"[V2] ""12 for me""
[V2] ""rest for you""
[P] ""donee"""
2,8,4,1,1,,,,,,,,,,,,,1,p-v1,"[P] ""offer?""
[V1] ""20/10""
[P] ""done"""
2,8,4,2,1,,,,,,,,,,,,,1,p-v2,"[V2] ""13 17?"""
2,9,4,1,1,,,,,,,,,,,,,1,p-v1,"[V1] ""18/12""
[V1] ""?"""
2,9,4,2,1,,,,,,,,,,,,,1,p-v2,"[V2] ""offer?""
[P] ""19, 11?""
[V2] ""done"""
2,9,4,3,1,,,,,,,,,,,,,1,public,"[P] ""hi""
[V2] ""hi""
[V1] ""hi"""
2,10,4,1,2,,,,,,,,,,,,,2,p-v1,"[P] ""ill give 11""
[V1] ""just split equally"""
2,10,4,2,1,,,,,,,,,,,,,2,p-v2,"[V2] ""How about 17-13?""
[P] ""20 10""
[V2] ""ok""
[P] ""cool"""
2,10,4,2,2,,,,,,,,,,,,,2,p-v2,"[P] ""you dont wanna accept?""
[V2] ""yes... I misread it""
[P] ""haha really?""
[P] ""you up for 10?""
[P] ""final ""
[V2] ""I am not really trying to be very truthful here :p""
[V2] ""we can go for 18 -12?""
[P] ""yeah""
[V2] ""cool"""
2,10,4,3,2,,,,,,,,,,,,,2,public,"[P] ""lol"""
2,11,4,1,1,,,,,,,,,,,,,2,p-v1,"[P] ""12 18?""
[V1] ""qho ia 12""
[V1] ""who is `1**""
[V1] ""12**""
[V1] ""sorry cant type lol""
[P] ""you lol""
[V1] ""oh but if i say not"""
2,11,4,2,1,,,,,,,,,,,,,2,p-v2,"[P] ""12 18?""
[V2] ""ok"""
2,11,4,2,2,,,,,,,,,,,,,2,p-v2,"[V2] ""15 15 next round?""
[P] ""lmaoooo"""
2,11,4,3,1,,,,,,,,,,,,,2,public,"[P] ""eagle?"""
2,11,4,4,1,,,,,,,,,,,,,2,v1-v2,"[V1] ""if they offer less than 15""
[V1] ""vote no""
[V1] ""then we can allocatea""
[V2] ""yeah same for you""
[V1] ""nd give them 0""
[V1] ""mkay"""
2,11,4,4,2,,,,,,,,,,,,,2,v1-v2,"[V2] ""15 15 next round?"""
2,12,4,1,1,,,,,,,,,,,,,1,p-v1,"[P] ""offer?""
[V1] ""16 12""
[V1] ""18 12""
[V1] ""sorry ""
[V1] ""you 18 ""
[P] ""haha math is hard""
[V1] ""i can go lower too""
[P] ""21 9?""
[V1] ""trust me i hate math :d""
[V1] ""20 10 please :)""
[V1] ""0ne extra coffee ""
[V1] ""i guess""
[P] ""i got that offer from other guy""
[V1] "" ok 9 21 it is """
2,12,4,2,1,,,,,,,,,,,,,1,p-v2,"[V2] ""offer?""
[P] ""you offer""
[V2] ""20/10?""
[P] ""done""
[V2] ""cool"""
2,13,4,1,1,,,,,,,,,,,,,2,p-v1,"[P] ""Offer?""
[V1] ""12"""
2,13,4,2,1,,,,,,,,,,,,,2,p-v2,"[P] ""offer?""
[V2] ""i get 17 u get 13""
[V2] ""bc otherwisew""
[V2] ""we both vote noa""
[V2] ""nd u get 0 next round"""
2,13,4,2,2,,,,,,,,,,,,,2,p-v2,"[P] ""cool 15 15 now""
[V2] ""ok"""
2,13,4,4,1,,,,,,,,,,,,,2,v1-v2,"[V2] ""reject if less than 15""
[V2] ""it'l get thrown to us""
[V1] ""dont accept anything under 15""
[V1] ""ok done""
[V2] ""cool"""
2,14,4,1,1,,,,,,,,,,,,,2,p-v1,"[P] ""offer?""
[P] ""nah?""
[V1] ""what is the other guy doing""
[P] ""can u beat 20 10?""
[V1] ""thats what he offered?""
[P] ""yes""
[V1] ""9 21""
[P] ""ok word """
2,14,4,1,2,,,,,,,,,,,,,2,p-v1,"[V1] ""who were you""
[P] ""code?""
[V1] ""hardwell""
[V1] ""oh thank god""
[P] ""15 15?""
[V1] ""15 15 lets do this"""
2,14,4,2,1,,,,,,,,,,,,,2,p-v2,"[V2] ""20 10?""
[P] ""offer?""
[P] ""20 10 sounds good""
[V2] ""done""
[P] ""20 10 it is""
[V2] ""cool"""
2,14,4,2,2,,,,,,,,,,,,,2,p-v2,"[V2] ""damm""
[V2] ""ill do 20 10""
[V2] ""you get 20"""
2,14,4,3,1,,,,,,,,,,,,,2,public,"[V2] ""hi"""
2,14,4,3,2,,,,,,,,,,,,,2,public,"[P] ""hi""
[V2] ""can we just split""
[V2] ""12 12 8""
[V2] ""ill take 8""
[V1] ""why?"""
2,14,4,4,1,,,,,,,,,,,,,2,v1-v2,"[V1] ""ok before you name a price to the other guy""
[V1] ""lets do 15 15 and reject them""
[V2] ""done""
[V1] ""code word?""
[V1] ""so I know we're in it later?""
[V2] ""hardwell""
[V1] ""for sure?""
[V2] ""yup""
[V1] ""my mans Im ready to do 15 15""
[V2] ""same here""
[V1] ""im gonna lie to him about shitty offers""
[V1] ""so we're together""
[V2] ""cool"""
2,14,4,4,2,,,,,,,,,,,,,2,v1-v2,"[V1] ""who were you""
[V1] ""code word""
[V2] ""ill do 20 10"""
2,15,4,1,1,,,,,,,,,,,,,1,p-v1,"[V1] ""They're asking me to reject whatever you offer"""
2,15,4,2,1,,,,,,,,,,,,,1,p-v2,"[V2] ""10/20?""
[P] ""sure"""
2,1,5,1,1,,,,,,,,,,,,,1,p-v1,"[V1] ""Hello"""
2,2,5,2,1,,,,,,,,,,,,,1,p-v2,"[P] ""I'll spit it with you 50/50 so we both get 15""
[V2] ""yes""
[V2] ""dont do 10 10 10"""
2,2,5,3,1,,,,,,,,,,,,,1,public,"[V2] ""10 10 10 ""
[V1] ""that'd be great"""
2,2,5,4,1,,,,,,,,,,,,,1,v1-v2,"[V1] ""do we accept?"""
2,3,5,1,1,,,,,,,,,,,,,1,p-v1,"[V1] ""14/0/16"""
2,3,5,3,1,,,,,,,,,,,,,1,public,"[P] ""10-10-10?"""
2,4,5,1,1,,,,,,,,,,,,,1,p-v1,"[V1] ""want to split 15$ among us?""
[V1] ""lol""
[P] ""The other guy offered me more""
[V1] ""haha""
[V1] ""12 -18 is my lowest"""
2,4,5,2,1,,,,,,,,,,,,,1,p-v2,"[V2] ""Cut a deal, you 18 me 12?""
[P] ""okay""
[V2] ""cool"""
2,4,5,3,1,,,,,,,,,,,,,1,public,"[P] ""10 each?""
[V2] ""Hello""
[V1] ""hi"""
2,5,5,1,1,,,,,,,,,,,,,1,p-v1,"[V1] ""13 17?""
[P] ""bruh""
[P] ""that was my method""
[P] ""chill""
[V1] ""will you give 13?"""
2,5,5,2,1,,,,,,,,,,,,,1,p-v2,"[V2] ""u take 18""
[V2] ""give me 12""
[V2] ""ok """
2,5,5,3,1,,,,,,,,,,,,,1,public,"[P] ""before I do the proposal""
[P] ""I wanna let you guys know how we should do these""
[P] ""going forward""
[P] ""all of us want to walk out with around $30""
[P] ""that'd be great""
[P] ""so I'm proposing 10-10-10""
[V1] ""10 10 10 is fine""
[V2] ""ok""
[P] ""I'm hoping you guys listen and do this with other players""
[P] ""*other players in different rounds""
[V1] ""Sure""
[P] ""great""
[V2] ""ok sure""
[P] ""thanks""
[P] ""bc on average""
[P] ""we make more if we don't cheat""
[V1] ""cool""
[V1] ""yeah right"""
2,6,5,1,1,,,,,,,,,,,,,1,p-v1,"[P] ""3-7?""
[V1] ""u take 15""
[V1] ""give me 12""
[V1] ""7""
[P] ""ok!"""
2,6,5,2,1,,,,,,,,,,,,,1,p-v2,"[P] ""3.7?"""
2,6,5,3,1,,,,,,,,,,,,,1,public,"[P] ""hey?""
[V2] ""hey\\\\""
[V1] ""hi"""
2,6,5,4,1,,,,,,,,,,,,,1,v1-v2,"[V2] ""hey""
[V1] ""hi""
[V2] ""subject 3 is asking 3.7""
[V2] ""wtf""
[V1] ""yaa dude""
[V1] ""ssly""
[V2] ""don't acept """
2,7,5,1,1,,,,,,,,,,,,,1,p-v1,"[P] ""want 12?""
[V1] ""cool""
[P] ""ok!"""
2,7,5,3,1,,,,,,,,,,,,,1,public,"[P] ""Hi""
[V2] ""hi ""
[V1] ""hi""
[V2] ""should we do 10 each?""
[V1] ""yes"""
2,7,5,4,1,,,,,,,,,,,,,1,v1-v2,"[V2] ""lets reject if its anything else""
[V2] ""?""
[V1] ""ok"""
2,8,5,2,1,,,,,,,,,,,,,1,p-v2,"[V2] ""18/12""
[V2] ""12 for me obviously""
[P] ""20/10""
[V2] ""ok"""
2,8,5,3,1,,,,,,,,,,,,,1,public,"[V1] ""hi""
[V1] ""how do you guys want to do it;""
[V1] ""?"""
2,9,5,1,1,,,,,,,,,,,,,2,p-v1,"[V1] ""I""
[V1] "" can do leasser than the other subjects offer""
[V1] ""12 and 18""
[V1] ""11 and 19?""
[V1] ""10 and 20 ""
[P] ""it's already 9 and 21 with other""
[V1] ""8 then ""
[P] ""deal"""
2,9,5,1,2,,,,,,,,,,,,,2,p-v1,"[P] ""whats your offer ""
[V1] ""10 each sounds like a deal""
[P] ""cool"""
2,9,5,2,1,,,,,,,,,,,,,2,p-v2,"[V2] ""12 for me rest for you""
[V2] ""or 10/20?"""
2,9,5,2,2,,,,,,,,,,,,,2,p-v2,"[V2] ""10 for me rest for you""
[P] ""cool"""
2,9,5,3,2,,,,,,,,,,,,,2,public,"[V2] ""10 foreach"""
2,9,5,4,1,,,,,,,,,,,,,2,v1-v2,"[V1] ""he wants 9 21"""
2,9,5,4,2,,,,,,,,,,,,,2,v1-v2,"[V2] ""10 for each""
[V2] ""?""
[V2] ""i will reject if its less than 10""
[V1] ""okay"""
2,10,5,1,1,,,,,,,,,,,,,1,p-v1,"[P] ""18 12?""
[V1] ""ok""
[P] ""16 14?""
[V1] ""yeah sure"""
2,10,5,2,1,,,,,,,,,,,,,1,p-v2,"[P] ""18 12?""
[V2] ""can i get 18 tho""
[V2] ""bc tbh""
[V2] ""if we both say no""
[V2] ""like me and 2""
[V2] ""it gets thrown to usa""
[V2] ""nd we allocate""
[V2] ""and u might get 0""
[P] ""16 14?""
[V2] ""i get 16"""
2,10,5,3,1,,,,,,,,,,,,,1,public,"[P] ""hi"""
2,10,5,4,1,,,,,,,,,,,,,1,v1-v2,"[V2] ""if they offer anything less than 15""
[V2] ""say no""
[V2] ""if we both vote no""
[V2] ""it gets thrown to us""
[V2] ""we can do better""
[V1] ""ok""
[V1] ""you do the same""
[V2] ""yeah"""
2,11,5,1,2,,,,,,,,,,,,,2,p-v1,"[V1] ""12 ?""
[P] ""yo who were you in the last round""
[V1] ""the 12 one"""
2,11,5,2,1,,,,,,,,,,,,,2,p-v2,"[V2] ""12/0/18?""
[P] ""ok"""
2,11,5,2,2,,,,,,,,,,,,,2,p-v2,"[P] ""who were you in the last round""
[V2] ""3""
[P] ""proposer?""
[V2] ""nope""
[V2] ""propser was 1""
[P] ""ok""
[V2] ""15-15""
[P] ""so 15 15""
[V2] ""?""
[P] ""good""
[V2] ""yeah"""
2,11,5,4,1,,,,,,,,,,,,,2,v1-v2,"[V1] ""my mans""
[V1] ""we must team up""
[V1] ""15 15""
[V2] ""cool"""
2,12,5,1,2,,,,,,,,,,,,,2,p-v1,"[P] ""ok who were you in the last round""
[V1] ""I was the proposer"""
2,12,5,2,2,,,,,,,,,,,,,2,p-v2,"[P] ""yo who were you in the last round""
[V2] ""007?""
[P] ""nice""
[P] ""ok 15 15""
[V2] ""ok"""
2,12,5,3,1,,,,,,,,,,,,,2,public,"[V2] ""10-10-10?"""
2,12,5,4,1,,,,,,,,,,,,,2,v1-v2,"[V2] ""yo""
[V2] ""we cut a deal""
[V1] ""sue""
[V2] ""15 15 each if we reject the proposal""
[V1] ""sure""
[V2] ""code word?""
[V1] ""7""
[V2] ""lol ok""
[V1] ""cool?""
[V1] ""don't ditch""
[V2] ""bruh I wont""
[V2] ""other people have?""
[V1] ""yeah""
[V2] ""why would I ditch 15 15""
[V2] ""I dont see how it gets better than that""
[V1] ""lol okay""
[V1] """""
2,13,5,1,1,,,,,,,,,,,,,2,p-v1,"[P] ""14/16/0?""
[V1] ""done"""
2,13,5,1,2,,,,,,,,,,,,,2,p-v1,"[V1] ""i rejected 14""
[V1] ""please give me 15 this round"""
2,13,5,2,1,,,,,,,,,,,,,2,p-v2,"[P] ""0/16/14?""
[V2] ""yeah"""
2,13,5,2,2,,,,,,,,,,,,,2,p-v2,"[V2] ""you keep 18""
[V2] ""give me 12"""
2,13,5,4,1,,,,,,,,,,,,,2,v1-v2,"[V2] ""reject if they offer you less than 15""
[V1] ""lets not accept anything less than 15?""
[V1] ""yeahh""
[V2] ""we can split it next round""
[V1] ""done"""
2,14,5,1,1,,,,,,,,,,,,,3,p-v1,"[V1] ""22 8 ""
[V1] ""i can go lower"""
2,14,5,1,3,,,,,,,,,,,,,3,p-v1,"[V1] ""u 20 i 10"""
2,14,5,2,1,,,,,,,,,,,,,3,p-v2,"[V2] ""12 18?"""
2,14,5,2,2,,,,,,,,,,,,,3,p-v2,"[V2] ""15 15""
[P] ""20 10""
[V2] ""ok"""
2,14,5,2,3,,,,,,,,,,,,,3,p-v2,"[P] ""15 15?""
[V2] ""sure"""
2,14,5,4,1,,,,,,,,,,,,,3,v1-v2,"[V2] ""reject anything below 15""
[V2] ""we will split it next round""
[V1] ""deal"""
2,15,5,1,1,,,,,,,,,,,,,1,p-v1,"[P] ""offer?"""
2,15,5,2,1,,,,,,,,,,,,,1,p-v2,"[P] ""offer?""
[V2] ""11-19?""
[P] ""done""
[V2] ""or 20-10""
[V2] ""cool""
[P] ""11 19 :)""
[V2] ""thanks"""
2,15,5,3,1,,,,,,,,,,,,,1,public,"[V2] ""Hello!"""
2,15,5,4,1,,,,,,,,,,,,,1,v1-v2,"[V1] ""hey""
[V1] "" 15 15 in next round code owrd 007""
[V1] ""reject everything, promise"""
2,1,6,1,1,,,,,,,,,,,,,1,p-v1,"[V1] ""want to split 15$ between the two of us?""
[V1] ""lol""
[P] ""hahaha""
[P] ""im down""
[V1] ""cool""
[P] ""lol nice"""
2,1,6,3,1,,,,,,,,,,,,,1,public,"[P] ""hi""
[V1] ""hey""
[P] ""what are yall thinking of doing""
[V2] ""accept i guess""
[V1] ""yeah"""
2,1,6,4,1,,,,,,,,,,,,,1,v1-v2,"[V2] ""lets accept""
[V2] ""there?""
[V1] ""yup""
[V2] ""cool lets accept ""
[V1] ""im willing to accept anything thats fair""
[V2] ""but we wont know the distributionright?""
[V1] ""we will at the end of the ChatTable time""
[V2] ""cool cool"""
2,2,6,3,1,,,,,,,,,,,,,1,public,"[V2] ""hello""
[P] ""hey""
[V2] ""whats the plan""
[V1] ""Eqal Shares Agree?""
[P] ""even stevens?""
[V2] ""mkayy""
[V1] ""equal shares?""
[V2] ""i think thats whats happening"""
2,3,6,2,1,,,,,,,,,,,,,1,p-v2,"[V2] ""want to split 15$ between us?""
[P] ""how about 16 14?""
[V2] ""sure"""
2,3,6,3,1,,,,,,,,,,,,,1,public,"[V1] ""10 for each?""
[V1] ""lets do it quick and go to next round""
[V2] ""haha""
[V1] ""please be kind...""
[V1] ""lol"""
2,4,6,1,1,,,,,,,,,,,,,1,p-v1,"[V1] ""how are you dividing?""
[P] ""offer?""
[V1] ""19 for you 11 for me?""
[P] ""done""
[V1] ""cool"""
2,4,6,2,1,,,,,,,,,,,,,1,p-v2,"[P] ""offer?""
[V2] ""20 you, 10 me""
[P] ""done""
[V2] ""cool"""
2,4,6,3,1,,,,,,,,,,,,,1,public,"[V2] ""10 each?"""
2,5,6,1,1,,,,,,,,,,,,,1,p-v1,"[V1] ""hey wanna split between us? lol"""
2,5,6,2,1,,,,,,,,,,,,,1,p-v2,"[V2] ""18 and 12?""
[P] ""i like that""
[V2] ""let's goo"""
2,5,6,3,1,,,,,,,,,,,,,1,public,"[P] ""hi""
[V1] ""hey"""
2,6,6,1,1,,,,,,,,,,,,,1,p-v1,"[V1] ""split 15 15?""
[V1] ""I'll do 18 12"""
2,6,6,2,1,,,,,,,,,,,,,1,p-v2,"[V2] ""want to do 18 and 12 ""
[P] ""yeah""
[V2] ""cool"""
2,6,6,3,1,,,,,,,,,,,,,1,public,"[P] ""hi"""
2,7,6,1,1,,,,,,,,,,,,,3,p-v1,"[P] ""offer?""
[V1] ""17/13""
[P] ""20/10""
[V1] ""but if i vote no""
[V1] ""then you dont get anything""
[V1] ""it moves to one of us""
[V1] ""think about it""
[P] ""its on my allocation""
[V1] ""sure""
[V1] ""up to you""
[P] ""sure""
[V1] """""
2,7,6,1,2,,,,,,,,,,,,,3,p-v1,"[P] ""20/10 final""
[V1] ""okay"""
2,7,6,1,3,,,,,,,,,,,,,3,p-v1,"[P] ""there we go""
[P] ""aight 15/15""
[V1] ""yeahh""
[V1] ""yeah 15 each"""
2,7,6,2,1,,,,,,,,,,,,,3,p-v2,"[P] ""offer?""
[V2] ""20/10""
[P] ""22/8""
[V2] ""yeah""
[V2] ""he also gave me an offer""
[P] """""
2,7,6,2,2,,,,,,,,,,,,,3,p-v2,"[P] ""20/10 final""
[V2] ""16/14 final?""
[P] ""18/12""
[V2] ""ok done"""
2,7,6,4,1,,,,,,,,,,,,,3,v1-v2,"[V1] ""if u do any offer tht gives u less than 15""
[V1] ""like 16/14""
[V1] ""u might as well vote no""
[V1] ""then it'll be passed to one of us""
[V1] ""and then you'll make more""
[V1] ""i promise""
[V2] ""yeahh""
[V1] ""mhmm""
[V2] ""lets do this""
[V1] ""so vote no""
[V1] ""mkay""
[V2] ""if i am proposer next round I'll split 15 each""
[V1] ""yeah same"""
2,7,6,4,2,,,,,,,,,,,,,3,v1-v2,"[V2] ""how is he getting another chance"""
2,8,6,1,1,,,,,,,,,,,,,1,p-v1,"[P] ""17 13?""
[V1] ""Yes!""
[V1] ""Cool""
[V1] ""18-12"""
2,8,6,2,1,,,,,,,,,,,,,1,p-v2,"[P] ""17 13?""
[V2] ""sure""
[P] ""18 12?""
[V2] ""15 10 5?"""
2,8,6,3,1,,,,,,,,,,,,,1,public,"[V1] ""Hi""
[P] ""hi""
[V2] ""equal split?""
[V1] ""Yea"""
2,9,6,1,1,,,,,,,,,,,,,1,p-v1,"[V1] ""10 20??""
[P] ""Cool!""
[V1] ""cool ill accept""
[P] ""I'll give you 11""
[V1] ""go ahead and propose""
[V1] ""cool"""
2,9,6,2,1,,,,,,,,,,,,,1,p-v2,"[V2] ""we should split evenly between us all"""
2,9,6,3,1,,,,,,,,,,,,,1,public,"[P] ""Hey!""
[V2] ""hi!""
[V2] ""we should split evenly"""
2,10,6,1,1,,,,,,,,,,,,,3,p-v1,"[V1] ""what do you want?""
[P] ""10 for u ""
[V1] ""13/17"""
2,10,6,1,2,,,,,,,,,,,,,3,p-v1,"[P] ""whats your offeer""
[P] ""offer""
[P] ""i dont like the other guy ""
[V1] ""hm 16 me 14 you?"""
2,10,6,2,1,,,,,,,,,,,,,3,p-v2,"[V2] ""hey hey lets team up""
[V2] ""do 15 15 together ""
[P] ""10 and 20""
[V2] ""lol ok"""
2,10,6,2,2,,,,,,,,,,,,,3,p-v2,"[P] ""you said ok ""
[V2] ""bruh my bad""
[P] ""nah man ""
[V2] ""nooo""
[V2] ""listen""
[V2] ""9 21""
[P] ""are you sure ""
[P] ""I'll give u 10 """
2,10,6,2,3,,,,,,,,,,,,,3,p-v2,"[P] ""straberry racoons""
[V2] ""strawberry raccoons""
[V2] ""did I spell that right"""
2,10,6,3,2,,,,,,,,,,,,,3,public,"[P] ""10 each?""
[V2] ""ok fine""
[V1] ""fine"""
2,10,6,4,1,,,,,,,,,,,,,3,v1-v2,"[V2] ""hey whats the other guy's offer""
[V1] ""we cam reject and then split evenly between us""
[V2] ""im down"""
2,10,6,4,2,,,,,,,,,,,,,3,v1-v2,"[V2] ""yo who were you""
[V1] ""okay reject again whatever it is""
[V1] ""still going for 15/15?""
[V2] ""yes man""
[V2] ""code word?""
[V1] ""strawberry racoons""
[V2] ""great""
[V2] ""reject""
[V1] ""will do ""
[V2] ""and we split 15 15""
[V1] ""it's more than we get from them anyway""
[V2] ""exactly""
[V2] ""yo you're not collabing with this guy are you""
[V1] ""nope ""
[V2] ""should we take 10 each? or just 15 15""
[V1] ""this is a better deal either way""
[V2] "":(""
[V2] ""but its sneaky""
[V2] ""yea ok fine""
[V2] ""strawberry racoons""
[V1] ""isn't it the point of a game?""
[V2] ""ruthless""
[V2] ""reject""
[V1] ""strawberry racoons are ruthless y'know"""
2,11,6,1,1,,,,,,,,,,,,,1,p-v1,"[P] ""20/10?""
[V1] ""done"""
2,11,6,2,1,,,,,,,,,,,,,1,p-v2,"[V2] ""20/10?""
[V2] ""or how about 15/15?"""
2,11,6,4,1,,,,,,,,,,,,,1,v1-v2,"[V1] ""don't accept anything less than 15""
[V1] ""next round we'll split equally?""
[V2] ""thats fair""
[V1] ""yeahh"""
2,12,6,1,1,,,,,,,,,,,,,2,p-v1,"[V1] ""18 - 12?""
[P] ""have an offer for 21/9""
[P] ""will you accept 8?""
[V1] ""I'm not sure. Better than 0 but seems too low"""
2,12,6,1,2,,,,,,,,,,,,,2,p-v1,"[V1] ""hey ""
[V1] ""20/10?"""
2,12,6,4,1,,,,,,,,,,,,,2,v1-v2,"[V2] ""reject if they offer less than 15""
[V2] ""then we split next round""
[V1] ""ok"""
2,13,6,1,1,,,,,,,,,,,,,3,p-v1,"[V1] ""12 18?""
[P] ""done"""
2,13,6,2,3,,,,,,,,,,,,,3,p-v2,"[V2] ""15/15?""
[P] ""13 17?""
[V2] ""they were unfair to both of us earlier""
[P] ""yeah""
[V2] ""14/16 would be great""
[P] ""okay cool"""
2,13,6,3,3,,,,,,,,,,,,,3,public,"[V1] ""I'm getting 0... it seems""
[V1] ""You guys have already decided that"""
2,13,6,4,1,,,,,,,,,,,,,3,v1-v2,"[V2] ""do you want to reject and split 15/15""
[V1] ""if unfair next round 15 each?"""
2,13,6,4,2,,,,,,,,,,,,,3,v1-v2,"[V2] ""what were you saying?""
[V2] ""it erased""
[V1] ""reject if unfaior"""
2,14,6,1,1,,,,,,,,,,,,,1,p-v1,"[P] ""15/15/0?""
[V1] ""sure"""
2,14,6,2,1,,,,,,,,,,,,,1,p-v2,"[V2] ""21, 9?"""
2,14,6,3,1,,,,,,,,,,,,,1,public,"[V2] ""hi"""
2,15,6,1,1,,,,,,,,,,,,,1,p-v1,"[P] ""ok before you guys start collabing""
[P] ""lets do 15 15 each""
[P] ""I need to know youre with me on this""
[V1] ""sure""
[P] ""code word just in case?""
[P] ""yo""
[V1] ""sure""
[P] ""tapatio sauce"""
2,15,6,2,1,,,,,,,,,,,,,1,p-v2,"[V2] ""what are you thinking""
[V2] ""we can split between 3 of us but not equally""
[V2] ""you'll get the most""
[P] ""sorry man really"""
2,15,6,3,1,,,,,,,,,,,,,1,public,"[V1] ""equal split?""
[V2] ""last round so we can make sure noone leaves empty handed"""
2,1,7,3,1,,,,,,,,,,,,,1,public,"[V1] ""guys be fair and divide equally""
[V1] ""Agree?""
[V2] ""Yeah 10 each ""
[V1] ""yes""
[V2] ""cool!""
[P] ""Sure. we will go for 10 each"""
2,2,7,3,1,,,,,,,,,,,,,1,public,"[V2] ""10 each ""
[V2] ""?/""
[V1] ""yup""
[P] ""yeah""
[P] """""
2,3,7,2,1,,,,,,,,,,,,,1,p-v2,"[V2] ""how are you dividing""
[V2] ""maybe 17 for you and 10 for me""
[P] ""ok"""
2,3,7,3,1,,,,,,,,,,,,,1,public,"[V1] ""manskh kakadiya?""
[P] ""hey""
[V2] ""naa bhai""
[P] ""no names please""
[V1] ""equal shares guys?"""
2,4,7,1,1,,,,,,,,,,,,,1,p-v1,"[V1] ""hey""
[V1] ""you keep 17 give me 13?""
[P] ""hey""
[P] ""9 and 21""
[V1] ""come on?""
[P] ""already have an offer of 10 20""
[V1] ""ok 9 21""
[P] ""cool"""
2,4,7,2,1,,,,,,,,,,,,,1,p-v2,"[V2] ""hello""
[V2] ""how we dividing?""
[V2] ""may be 18 for you and 10 for me""
[P] ""i give you 10, will you accep?""
[V2] ""ok""
[P] ""cool""
[V2] ""go ahead""
[V2] ""proposing?""
[P] "" 8 22?""
[P] ""have an offer for 9""
[V2] ""I'm up for 8""
[P] ""cool"""
2,4,7,4,1,,,,,,,,,,,,,1,v1-v2,"[V2] ""hey is proposer giving 9?"""
2,5,7,1,1,,,,,,,,,,,,,1,p-v1,"[V1] ""Let's make a deal, you 18, me 12?""
[P] ""21 9 ""
[V1] ""Nop1!, 18 12?"""
2,5,7,3,1,,,,,,,,,,,,,1,public,"[V1] ""Hello!""
[V2] ""Hey""
[V2] ""How about 10 each?"""
2,6,7,1,1,,,,,,,,,,,,,1,p-v1,"[V1] ""you take 17 give me 13?""
[P] ""19 11?""
[V1] ""done"""
2,6,7,2,1,,,,,,,,,,,,,1,p-v2,"[V2] ""0/14/16?""
[P] ""0/21/9?""
[V2] ""ok"""
2,6,7,3,1,,,,,,,,,,,,,1,public,"[P] ""Hello"""
2,7,7,1,1,,,,,,,,,,,,,1,p-v1,"[V1] ""15 you 15 me?"""
2,7,7,2,1,,,,,,,,,,,,,1,p-v2,"[V2] ""what's up?""
[V2] ""20, 10?""
[V2] ""20 for you, 10 for me?""
[V2] ""what say?""
[P] ""ok. take 12""
[V2] ""ok"""
2,7,7,4,1,,,,,,,,,,,,,1,v1-v2,"[V1] ""so look here's the deal: we can get 16 me 14 you (or the other way around) if we reject whatever deal they give us""
[V1] ""next round one of us will be chosen as a proposer"""
2,8,7,1,2,,,,,,,,,,,,,2,p-v1,"[V1] ""15 15?""
[P] ""yeah""
[V1] ""cool""
[V1] ""deal"""
2,8,7,2,2,,,,,,,,,,,,,2,p-v2,"[P] ""20/10"""
2,8,7,4,1,,,,,,,,,,,,,2,v1-v2,"[V1] ""if you get any offer less than 15""
[V1] ""say nob""
[V2] ""ya sure""
[V1] ""bc if we both reject""
[V1] ""next round"""
2,8,7,4,2,,,,,,,,,,,,,2,v1-v2,"[V1] ""reject anything below 15""
[V1] ""we can split in the next round"""
2,9,7,2,1,,,,,,,,,,,,,1,p-v2,"[P] ""15?""
[V2] ""yeah sure"""
2,9,7,3,1,,,,,,,,,,,,,1,public,"[V1] ""Subject 2 - You're awesome!""
[P] ""thanks fam"""
2,10,7,2,1,,,,,,,,,,,,,1,p-v2,"[V2] ""19 11?""
[P] ""offer?""
[P] ""done"""
2,10,7,3,1,,,,,,,,,,,,,1,public,"[V1] ""eagle?"""
2,11,7,1,1,,,,,,,,,,,,,1,p-v1,"[P] ""offfer?""
[V1] ""/9""
[V1] ""44154"""
2,11,7,2,1,,,,,,,,,,,,,1,p-v2,"[P] ""offer?""
[V2] ""44124""
[P] ""done"""
2,12,7,2,1,,,,,,,,,,,,,2,p-v2,"[V2] ""12 for me rest for you"""
2,12,7,2,2,,,,,,,,,,,,,2,p-v2,"[V2] ""yeah so 15 15 now""
[P] ""okay"""
2,12,7,4,1,,,,,,,,,,,,,2,v1-v2,"[V1] ""if they offer u less than 15""
[V1] ""say no"""
2,13,7,2,1,,,,,,,,,,,,,1,p-v2,"[V2] ""12 for me rest for you"""
2,14,7,1,1,,,,,,,,,,,,,1,p-v1,"[P] ""offer?""
[V1] ""12 18""
[V1] ""if you have lesser offer let me know""
[V1] ""ill do 10""
[P] ""21 9?""
[V1] ""yeah"""
2,14,7,2,1,,,,,,,,,,,,,1,p-v2,"[V2] ""hey""
[V2] ""20/10?""
[P] ""done""
[V2] ""great""
[V2] ""propose"""
2,15,7,2,1,,,,,,,,,,,,,1,p-v2,"[V2] ""12 18?""
[P] ""lets just go 15 15?""
[V2] ""yes"""
2,15,7,4,1,,,,,,,,,,,,,1,v1-v2,"[V1] ""reject less than 15""
[V1] ""will split evenly""
[V2] ""cool ""
[V1] ""next round""
[V2] ""next round 15 each""
[V1] ""yeahh"""
2,1,8,3,1,,,,,,,,,,,,,1,public,"[V2] ""hi""
[P] ""hi""
[V2] ""10/10/10?""
[P] ""how about 10 each""
[V2] ""yes""
[P] ""yeah""
[V2] ""let's be fair"""
2,1,8,4,1,,,,,,,,,,,,,1,v1-v2,"[V1] ""the best way to do it is by splitting it 15/15/0""
[V2] ""but its too mean..."""
2,2,8,1,1,,,,,,,,,,,,,1,p-v1,"[V1] ""ok""
[V1] ""lets cut a deal!""
[V1] ""name your price""
[P] ""15 each""
[V1] ""I dont trust that, you might cut a deal with the other guy still""
[V1] ""17 you 13 to me""
[P] ""sounds great, i will submit"""
2,2,8,3,1,,,,,,,,,,,,,1,public,"[V2] ""hi""
[V1] ""hey""
[P] ""hello""
[V2] ""how are we dividing the amount?""
[V1] ""equally""
[V2] ""cool""
[V1] ""can we do cents?""
[V2] ""as in?"""
2,3,8,3,1,,,,,,,,,,,,,1,public,"[P] ""10 each ?""
[V2] ""works""
[V1] ""share equally?"""
2,4,8,2,1,,,,,,,,,,,,,1,p-v2,"[V2] ""17/0/13?""
[P] ""i'll do 10/10/10"""
2,4,8,3,1,,,,,,,,,,,,,1,public,"[V1] ""before we start doing side ChatTables""
[V1] ""I honestly believe if we split 10 per person it'd be best for everyone""
[V1] ""be best""
[P] ""ok""
[V1] ""on average if we keep doing this method for every round""
[V1] ""instead of cheating""
[V1] ""likely to make more by the end""
[V1] ""sorry for the short messages"""
2,5,8,2,1,,,,,,,,,,,,,1,p-v2,"[V2] ""12 for me rest for you""
[P] ""cool"""
2,6,8,1,1,,,,,,,,,,,,,1,p-v1,"[V1] ""offer?""
[P] ""20/10""
[V1] ""done""
[P] ""mkay"""
2,6,8,2,1,,,,,,,,,,,,,1,p-v2,"[V2] ""0/15/15?"""
2,7,8,3,1,,,,,,,,,,,,,1,public,"[P] ""hi""
[V2] ""equal split?""
[V1] ""yup""
[P] ""im down""
[V2] ""cool"""
2,8,8,1,1,,,,,,,,,,,,,1,p-v1,"[V1] ""alright"""
2,8,8,2,1,,,,,,,,,,,,,1,p-v2,"[V2] ""18 and 12?""
[P] ""done"""
2,8,8,3,1,,,,,,,,,,,,,1,public,"[V1] ""guy's ""
[V2] ""yo""
[V1] ""*guys"""
2,9,8,1,1,,,,,,,,,,,,,3,p-v1,"[P] ""20 10?""
[V1] ""ok""
[V1] ""otherwise ill get 0 lol""
[V1] ""happy with 10 given the scenario""
[P] ""ok"""
2,9,8,1,2,,,,,,,,,,,,,3,p-v1,"[P] ""18 12?""
[V1] ""ok"""
2,9,8,1,3,,,,,,,,,,,,,3,p-v1,"[V1] ""eagle""
[V1] ""15 15?""
[P] ""good""
[P] ""yea we got this""
[V1] ""awsome""
[V1] ""unless you decide to cheat now lol""
[P] ""eagle if youre with me in other rounds too""
[P] ""no man I got u""
[V1] ""oh cool""
[V1] ""im cat"""
2,9,8,2,1,,,,,,,,,,,,,3,p-v2,"[V2] ""alright""
[P] ""20 10?""
[V2] ""im down""
[V2] ""what is the other guy offering""
[V2] ""let me know so I can counter""
[V2] ""if I have to""
[P] ""20 10?"""
2,9,8,2,2,,,,,,,,,,,,,3,p-v2,"[V2] ""which one were you""
[P] ""18 12?""
[V2] ""sure"""
2,9,8,2,3,,,,,,,,,,,,,3,p-v2,"[V2] ""fair deal, 16 14?"""
2,9,8,3,1,,,,,,,,,,,,,3,public,"[P] ""hi"""
2,9,8,3,2,,,,,,,,,,,,,3,public,"[P] ""hi"""
2,9,8,4,1,,,,,,,,,,,,,3,v1-v2,"[V1] ""reject anything below 15 15""
[V1] ""we can split in next round""
[V1] ""cool?""
[V2] ""ok""
[V2] ""how do I know its you""
[V1] ""i will be subject 1""
[V2] ""sometimes its the same proposer in the next round""
[V1] ""the number will remain same""
[V2] ""we need code names""
[V1] ""its random"""
2,9,8,4,2,,,,,,,,,,,,,3,v1-v2,"[V1] ""lol""
[V1] ""again its him""
[V2] ""which one were you""
[V1] ""reject anything below 15""
[V2] ""yea I told you""
[V1] ""wait""
[V2] ""code name is eagle""
[V2] ""we team and split 15 15""
[V1] ""next time it will switch""
[V1] ""ya sure""
[V2] ""dude ""
[V2] ""as long as we code name we got this""
[V2] ""eagle""
[V2] ""ok?""
[V1] ""ok eagle"""
2,10,8,1,1,,,,,,,,,,,,,1,p-v1,"[V1] ""12 for me rest for you?"""
2,10,8,2,1,,,,,,,,,,,,,1,p-v2,"[V2] ""hey""
[V2] ""18/12?"""
2,11,8,1,1,,,,,,,,,,,,,1,p-v1,"[V1] ""18 and 12""
[V1] ""??""
[V1] ""i can go lower ""
[V1] ""18 you ""
[P] ""they're offering the same one""
[V1] ""10 and 20 ""
[P] ""deal""
[V1] ""deal"""
2,11,8,2,1,,,,,,,,,,,,,1,p-v2,"[V2] ""18 and 12?"""
2,11,8,4,1,,,,,,,,,,,,,1,v1-v2,"[V2] ""10 each?""
[V1] ""sure"""
2,12,8,3,1,,,,,,,,,,,,,1,public,"[V1] ""10 each?"""
2,12,8,4,1,,,,,,,,,,,,,1,v1-v2,"[V2] ""lets not accept anything less than 15?""
[V2] ""next round we'll split equal""
[V1] ""dude i had you in the last round"""
2,13,8,1,1,,,,,,,,,,,,,2,p-v1,"[V1] ""20 10?""
[V1] ""you get 20""
[P] ""they are offering same ""
[V1] ""22 8?""
[P] ""wow want 246""
[P] ""24 6 ""
[V1] ""25 5""
[P] ""fine """
2,13,8,2,1,,,,,,,,,,,,,2,p-v2,"[V2] ""hey""
[V2] ""20/10?""
[P] ""thry are offering same ""
[V2] ""9""
[V2] ""?"""
2,13,8,2,2,,,,,,,,,,,,,2,p-v2,"[V2] ""20 10?""
[V2] ""screw that guy lol""
[P] ""22 8?""
[V2] ""deal"""
2,13,8,4,1,,,,,,,,,,,,,2,v1-v2,"[V2] ""hey is proposer offering 10 to you?""
[V1] ""reject this guy"""
2,13,8,4,2,,,,,,,,,,,,,2,v1-v2,"[V1] ""traitor ""
[V1] ""keep the money ! ""
[V1] ""lol"""
2,14,8,1,1,,,,,,,,,,,,,1,p-v1,"[V1] ""15 each?""
[V1] ""They're asking me to reject any offer you make lol""
[P] ""I'll do 15 each""
[V1] ""Okay"""
2,14,8,2,1,,,,,,,,,,,,,1,p-v2,"[P] ""offer?""
[V2] ""13 me 17 you""
[P] ""ok"""
2,14,8,4,1,,,,,,,,,,,,,1,v1-v2,"[V2] ""let's reject and then do 15/15?""
[V1] ""Okayyy""
[V2] ""it's more than we're gonna get in this round anyway""
[V1] ""I agree"""
2,15,8,1,1,,,,,,,,,,,,,1,p-v1,"[V1] ""20 10 """
2,15,8,2,1,,,,,,,,,,,,,1,p-v2,"[V2] ""offer, 20/10"""
2,15,8,3,1,,,,,,,,,,,,,1,public,"[P] ""hi"""
2,15,8,4,1,,,,,,,,,,,,,1,v1-v2,"[V2] ""lets reject"""
8,1,1,1,1,,,,,,,,,,,,,2,p-v1,"[V1] ""let's split 12-12 for the both of us and 6 for subject 3"""
8,2,1,1,1,,,,,,,,,,,,,1,p-v1,"[P] ""hi""
[V1] ""split $15 each and go home""
[V1] ""Yes hi""
[P] ""what about 13""
[P] ""sounds decent enough?""
[V1] ""so you'll take $17?""
[V1] ""No m8""
[V1] ""i have played this b4 doesnt work""
[V1] ""$15 each""
[P] ""lol""
[V1] ""simple fair"""
8,2,1,2,1,,,,,,,,,,,,,1,p-v2,"[P] ""hi""
[V2] ""Hi""
[P] ""r u willing to take 12""
[P] ""and let the other one take none""
[V2] ""Can we make it 14 and 16?"""
8,2,1,4,1,,,,,,,,,,,,,1,v1-v2,"[V1] ""We shall split ""
[V1] ""$10 each""
[V1] ""reply"""
8,3,1,1,1,,,,,,,,,,,,,1,p-v1,"[V1] ""i would like do a 14 16 split with you""
[P] ""are you sure?""
[V1] ""hows that sound""
[V1] ""yes""
[V1] ""if you give 14 ill approve it""
[P] ""How about 13?""
[V1] ""deal""
[P] ""ok"""
8,3,1,2,1,,,,,,,,,,,,,1,p-v2,"[P] ""yo lets split. I give u 10""
[V2] ""i need  15 least""
[V2] ""lets go equal""
[V2] ""you and i """
8,3,1,3,1,,,,,,,,,,,,,1,public,"[V2] ""10 eah...everyone will leave happy""
[V1] ""there's still a potential for everyone to get more than 10 though"""
8,4,1,1,1,,,,,,,,,,,,,2,p-v1,"[P] ""13?""
[V1] ""done""
[P] ""other one is eady for 11""
[P] ""you?""
[V1] ""12 deal """
8,4,1,2,1,,,,,,,,,,,,,2,p-v2,"[V2] ""25 5?""
[V2] ""ill take 5"""
8,4,1,2,2,,,,,,,,,,,,,2,p-v2,"[V2] ""lets do it 15 15"""
8,4,1,4,1,,,,,,,,,,,,,2,v1-v2,"[V1] ""15 15 ?""
[V1] ""fast ?""
[V2] ""cool""
[V1] ""he is offering 11"""
8,5,1,1,1,,,,,,,,,,,,,3,p-v1,"[P] ""hi"""
8,5,1,1,2,,,,,,,,,,,,,3,p-v1,"[V1] ""15 15?""
[V1] ""i rejected for you""
[P] ""ok then""
[V1] ""great""
[P] ""actually i'm gonna do 13-13 for us and 4 for subject 2"""
8,5,1,2,1,,,,,,,,,,,,,3,p-v2,"[P] ""hi"""
8,5,1,2,2,,,,,,,,,,,,,3,p-v2,"[V2] ""why are you not satisfied with that 12"""
8,5,1,3,1,,,,,,,,,,,,,3,public,"[P] ""do you guys all want 10 or a max profit""
[P] ""talk to me if you want more"""
8,5,1,4,1,,,,,,,,,,,,,3,v1-v2,"[V1] ""15 15?""
[V1] ""if he offers more ""
[V1] ""take it""
[V1] ""im cool with that""
[V1] ""decline if he offers less and we'll split 15 15""
[V1] ""okay?""
[V1] ""hes offering me 14""
[V1] """""
8,6,1,1,1,,,,,,,,,,,,,1,p-v1,"[V1] ""12""
[P] ""Are you willing to accept 11?""
[V1] ""lets go"""
8,6,1,2,1,,,,,,,,,,,,,1,p-v2,"[P] ""Are you willing to accept $11?""
[V2] ""alright"""
8,7,1,1,1,,,,,,,,,,,,,1,p-v1,"[V1] ""14?"""
8,7,1,2,1,,,,,,,,,,,,,1,p-v2,"[P] ""he wants do to 14 16 and give you zero""
[P] ""i dont like that""
[P] ""ill give us equal""
[P] ""15 15""
[P] ""cool?"""
8,7,1,3,1,,,,,,,,,,,,,1,public,"[V1] ""we will only accept if its equal? what say subject 2?""
[P] ""next round i will accept only if its equal""
[P] ""one of y'all rather make some money now""
[P] ""whoever wants 15 take it now""
[V1] ""ok""
[P] ""the next person wont give more"""
8,7,1,4,1,,,,,,,,,,,,,1,v1-v2,"[V1] ""do not accept""
[V1] ""lets try our luck untill we get proposer""
[V2] ""ys ""
[V2] ""next time 1515?""
[V1] ""ok done"""
8,8,1,1,1,,,,,,,,,,,,,3,p-v1,"[P] ""What's your offer?""
[V1] ""15?"""
8,8,1,1,2,,,,,,,,,,,,,3,p-v1,"[V1] ""15?""
[V1] ""deal"""
8,8,1,1,3,,,,,,,,,,,,,3,p-v1,"[V1] ""15?"""
8,8,1,2,1,,,,,,,,,,,,,3,p-v2,"[V2] ""10 ?""
[P] ""What's your offer?"""
8,8,1,4,1,,,,,,,,,,,,,3,v1-v2,"[V1] ""do not accept""
[V2] ""then ?""
[V1] ""lets reject""
[V2] ""ok then ?""
[V1] ""and next round lets do 15 15"""
8,8,1,4,2,,,,,,,,,,,,,3,v1-v2,"[V2] ""sure ?"""
8,8,1,4,3,,,,,,,,,,,,,3,v1-v2,"[V2] ""13?"""
8,9,1,1,1,,,,,,,,,,,,,1,p-v1,"[V1] ""yo how much u want""
[P] ""12?""
[V1] ""13 please""
[P] ""is that cool?""
[V1] ""Yes ""
[V1] ""take it ""
[P] ""12?""
[V1] ""13 please""
[V1] ""by gods sake""
[V1] ""let me be happy""
[P] ""Done""
[P] ""Sreading a smile is my job ""
[P] ""lets do it""
[V1] ""thanks"""
8,9,1,2,1,,,,,,,,,,,,,1,p-v2,"[V2] ""just give me at least 5""
[V2] ""i keep on getting zeros""
[P] ""lol""
[P] ""okay"""
8,9,1,4,1,,,,,,,,,,,,,1,v1-v2,"[V1] ""wanna play it fair?""
[V1] ""buddy"""
8,10,1,1,1,,,,,,,,,,,,,1,p-v1,"[V1] ""15?""
[V1] ""lwts split""
[P] ""sure"""
8,10,1,2,1,,,,,,,,,,,,,1,p-v2,"[V2] ""Whats the deal?""
[V2] ""3""
[V2] ""13"""
8,10,1,4,1,,,,,,,,,,,,,1,v1-v2,"[V1] ""do not accept""
[V1] ""let wait for our luck""
[V1] ""until we get propser""
[V2] ""done deal"""
8,11,1,1,1,,,,,,,,,,,,,3,p-v1,"[P] ""12?""
[V1] ""we are rejecting you""
[V1] ""you wanna split $15 b/w us go ahead"""
8,11,1,1,2,,,,,,,,,,,,,3,p-v1,"[V1] ""boo ""
[P] ""lol""
[V1] ""$15 each?""
[P] ""ok"""
8,11,1,1,3,,,,,,,,,,,,,3,p-v1,"[P] ""lol""
[V1] ""10?""
[P] ""why""
[P] ""u gave me zero""
[P] ""twice""
[V1] ""other guy asked me to reject u""
[V1] ""i will reject"""
8,11,1,2,1,,,,,,,,,,,,,3,p-v2,"[P] ""12?""
[V2] ""15?""
[P] ""ok"""
8,11,1,2,2,,,,,,,,,,,,,3,p-v2,"[P] ""how much""
[V2] ""15"""
8,11,1,2,3,,,,,,,,,,,,,3,p-v2,"[V2] ""15 each!""
[P] ""kept your word?""
[V2] ""Yes! Rejected"""
8,11,1,3,1,,,,,,,,,,,,,3,public,"[P] ""whats the deal"""
8,11,1,3,3,,,,,,,,,,,,,3,public,"[V1] ""15?""
[V1] ""give me 10""
[V2] ""Either equal""
[V2] ""or I get 12"""
8,11,1,4,1,,,,,,,,,,,,,3,v1-v2,"[V1] ""hi""
[V1] ""lets reject proposer""
[V1] ""we both do $15 each""
[V2] ""Done""
[V1] ""keep your word please."""
8,11,1,4,2,,,,,,,,,,,,,3,v1-v2,"[V2] ""Kept my word""
[V1] ""Thanks ""
[V1] ""Appreciate it """
8,11,1,4,3,,,,,,,,,,,,,3,v1-v2,"[V1] ""reject """
8,12,1,1,1,,,,,,,,,,,,,1,p-v1,"[V1] ""give me 10""
[P] ""sure"""
8,13,1,1,1,,,,,,,,,,,,,1,p-v1,"[P] ""hi""
[V1] ""15?"""
8,13,1,2,1,,,,,,,,,,,,,1,p-v2,"[V2] ""12""
[P] ""good"""
8,13,1,4,1,,,,,,,,,,,,,1,v1-v2,"[V1] ""Reject?""
[V1] ""Let's divide equally?""
[V2] ""yes""
[V2] ""exactly"""
8,14,1,1,1,,,,,,,,,,,,,4,p-v1,"[P] ""14""
[P] ""take it?""
[V1] ""okay ""
[V1] ""14 i like"""
8,14,1,2,1,,,,,,,,,,,,,4,p-v2,"[P] ""14""
[V2] ""10?""
[V2] ""ok""
[P] ""ok""
[V2] ""anything""
[P] ""ill give u 10"""
8,14,1,2,3,,,,,,,,,,,,,4,p-v2,"[V2] ""15""
[V2] ""deal"""
8,14,1,2,4,,,,,,,,,,,,,4,p-v2,"[V2] ""15"""
8,14,1,4,1,,,,,,,,,,,,,4,v1-v2,"[V1] ""15 15?""
[V2] ""yes""
[V2] ""lets reject""
[V2] ""and split"""
8,15,1,1,1,,,,,,,,,,,,,5,p-v1,"[V1] ""last round ?""
[V1] ""deal is a deal ""
[V1] ""15 15 ""
[P] ""pls trust me""
[P] ""i am sorry"""
8,15,1,1,2,,,,,,,,,,,,,5,p-v1,"[P] ""yyo""
[V1] ""heyaaa ""
[P] ""10?""
[V1] ""ok"""
8,15,1,1,3,,,,,,,,,,,,,5,p-v1,"[V1] ""by mistake """
8,15,1,2,1,,,,,,,,,,,,,5,p-v2,"[V2] ""12?""
[V2] ""please dont break my tust'""
[V2] ""trust*""
[P] ""pls trust me""
[V2] ""ill take 5 min"""
8,15,1,2,4,,,,,,,,,,,,,5,p-v2,"[V2] ""10 pleas""
[V2] ""its not guaaenteed""
[V2] ""adom ounds will be seleted"""
8,15,1,3,1,,,,,,,,,,,,,5,public,"[P] ""hui guys""
[P] ""i am not trying to fool u ""
[P] ""i have cash problems""
[P] ""i hardly made last few rounds""
[V2] ""same here""
[P] ""i will take 30""
[P] ""pls trust me""
[V2] ""what?""
[V2] ""is itn ot unfair""
[P] ""i really have problem""
[P] ""i am very sorry"""
8,15,1,3,2,,,,,,,,,,,,,5,public,"[V2] ""it is okay"""
8,15,1,3,3,,,,,,,,,,,,,5,public,"[V2] ""guys pls dont do this"""
8,15,1,3,4,,,,,,,,,,,,,5,public,"[P] ""guys pls trust me""
[P] ""Bc trust karo""
[V1] ""language """
8,15,1,3,5,,,,,,,,,,,,,5,public,"[V1] ""21 sec ?"""
8,15,1,4,1,,,,,,,,,,,,,5,v1-v2,"[V1] ""deal is a deal ""
[V2] ""whats it?""
[V1] ""15 15 ""
[V2] ""done""
[V1] ""let 3 joke around ""
[V2] ""haha"""
8,1,2,1,1,,,,,,,,,,,,,1,p-v1,"[P] ""hi""
[V1] ""hi""
[V1] ""How are you spilitting this""
[P] ""will uou approve it?""
[V1] ""depends ""
[P] ""lol""
[V1] ""if I can get more than 12""
[V1] ""ill approve it""
[P] ""cool"""
8,1,2,4,1,,,,,,,,,,,,,1,v1-v2,"[V2] ""lets not take less than 10""
[V1] ""k"""
8,3,2,1,1,,,,,,,,,,,,,1,p-v1,"[V1] ""25 5 ?""
[P] ""ill give you 12"""
8,4,2,3,1,,,,,,,,,,,,,1,public,"[V2] ""lets do equal?""
[P] ""ok"""
8,5,2,1,1,,,,,,,,,,,,,1,p-v1,"[V1] ""Boo ""
[V1] ""Let's go""
[V1] ""You take 16. I'll take 14""
[V1] ""WHat up"""
8,5,2,2,1,,,,,,,,,,,,,1,p-v2,"[P] ""Are you willing to accept $12?""
[V2] ""fine"""
8,5,2,4,1,,,,,,,,,,,,,1,v1-v2,"[V1] ""Yo""
[V1] ""shall we agree on $10 each?"""
8,6,2,1,1,,,,,,,,,,,,,1,p-v1,"[P] ""15 15?""
[V1] ""k"""
8,6,2,2,1,,,,,,,,,,,,,1,p-v2,"[P] ""15 15?""
[V2] ""ok"""
8,6,2,4,1,,,,,,,,,,,,,1,v1-v2,"[V2] ""15 15 ?""
[V2] ""ff""
[V2] ""??""
[V2] ""deal ?""
[V1] ""u are not the proposer though"""
8,7,2,1,1,,,,,,,,,,,,,1,p-v1,"[V1] ""13?""
[V1] ""les go""
[P] ""What's your offer?""
[V1] ""13""
[P] ""12?""
[V1] ""done""
[V1] """""
8,7,2,2,1,,,,,,,,,,,,,1,p-v2,"[P] ""What's your offer?""
[V2] ""16 for you, 14 for me"""
8,8,2,1,1,,,,,,,,,,,,,3,p-v1,"[P] ""what's your offer?""
[V1] ""13""
[V1] ""Lets do it"""
8,8,2,2,1,,,,,,,,,,,,,3,p-v2,"[P] ""what's your offer?""
[V2] ""anything more than 11""
[V2] ""even 11 is good bro""
[P] ""ok""
[V2] ""ill take it"""
8,8,2,2,2,,,,,,,,,,,,,3,p-v2,"[P] ""noob""
[V2] ""haha ""
[V2] ""cool giving you 15""
[V2] ""i mean""
[V2] ""you give 15""
[V2] "" my bad"""
8,8,2,4,1,,,,,,,,,,,,,3,v1-v2,"[V2] ""15 15?""
[V1] ""done""
[V2] ""sick""
[V1] """""
8,8,2,4,3,,,,,,,,,,,,,3,v1-v2,"[V2] ""wow""
[V2] ""you broke my heart""
[V2] ""i wanna cry now""
[V1] ""do cry then""
[V1] ""i sill wann see ou smle""
[V2] ""still giving 15 15?""
[V1] ""positivity ""
[V1] ""les do it""
[V2] ""if you break me again""
[V2] ""i will leave"""
8,9,2,1,1,,,,,,,,,,,,,2,p-v1,"[V1] ""10 ?""
[P] ""equal?""
[V1] ""ok"""
8,9,2,1,2,,,,,,,,,,,,,2,p-v1,"[V1] ""12 for me?""
[V1] ""18 for you?"""
8,9,2,2,1,,,,,,,,,,,,,2,p-v2,"[P] ""12?""
[V2] ""sry""
[V2] ""15"""
8,9,2,2,2,,,,,,,,,,,,,2,p-v2,"[P] ""i ll split with you""
[P] ""sounds good?""
[V2] ""ok"""
8,9,2,4,1,,,,,,,,,,,,,2,v1-v2,"[V2] ""shal we jsut keep rejecting""
[V2] ""unless he gives at least a 15 15 split""
[V1] ""ok""
[V1] ""deal ?""
[V2] ""yes"""
8,10,2,1,1,,,,,,,,,,,,,1,p-v1,"[P] ""?""
[V1] ""give me 10""
[P] ""u sure ""
[P] ""?""
[V1] ""yes""
[P] ""definetly ?""
[V1] ""yes"""
8,10,2,2,1,,,,,,,,,,,,,1,p-v2,"[V2] ""13?"""
8,10,2,4,1,,,,,,,,,,,,,1,v1-v2,"[V2] ""Reject proposal and take 15 equally?"""
8,11,2,1,1,,,,,,,,,,,,,1,p-v1,"[P] ""?""
[V1] ""give me 10""
[P] ""u sure ?""
[V1] ""yes""
[P] ""definetly ?""
[V1] ""yse"""
8,11,2,2,1,,,,,,,,,,,,,1,p-v2,"[P] ""?""
[V2] ""14 16?"""
8,11,2,4,1,,,,,,,,,,,,,1,v1-v2,"[V2] ""15 15?"""
8,12,2,1,2,,,,,,,,,,,,,2,p-v1,"[V1] ""hui""
[V1] ""u take 16"""
8,12,2,2,2,,,,,,,,,,,,,2,p-v2,"[V2] ""im willing to take 14""
[P] ""cool""
[V2] ""u can take the rest"""
8,12,2,4,2,,,,,,,,,,,,,2,v1-v2,"[V1] ""hi""
[V2] ""hi""
[V1] ""Let's reject him"""
8,13,2,1,1,,,,,,,,,,,,,2,p-v1,"[P] ""hi""
[V1] ""hi""
[V1] ""14 16?""
[V1] ""13 17?"""
8,13,2,1,2,,,,,,,,,,,,,2,p-v1,"[V1] ""take it""
[V1] ""please""
[V1] ""You take 16"""
8,13,2,2,1,,,,,,,,,,,,,2,p-v2,"[P] ""hi"""
8,13,2,2,2,,,,,,,,,,,,,2,p-v2,"[V2] ""15 15?""
[V2] ""i rejected for you"""
8,13,2,4,1,,,,,,,,,,,,,2,v1-v2,"[V1] ""15 15?""
[V2] ""yeah"""
8,13,2,4,2,,,,,,,,,,,,,2,v1-v2,"[V1] ""reject"""
8,14,2,1,1,,,,,,,,,,,,,1,p-v1,"[P] ""15?""
[V1] ""give me 10"""
8,14,2,2,1,,,,,,,,,,,,,1,p-v2,"[P] ""15?""
[V2] ""good"""
8,14,2,3,1,,,,,,,,,,,,,1,public,"[P] ""Offer?"""
8,14,2,4,1,,,,,,,,,,,,,1,v1-v2,"[V2] ""hey"""
8,15,2,1,1,,,,,,,,,,,,,1,p-v1,"[V1] ""proposer says you get 0""
[P] ""hi""
[V1] ""hi""
[V1] ""u proposer""
[P] ""im the propose lol""
[V1] ""you propose whom?""
[P] ""u messed up my man""
[V1] ""other guy say u and I reject him""
[P] ""are you willing to take 14?""
[V1] ""ok"""
8,15,2,2,1,,,,,,,,,,,,,1,p-v2,"[P] ""hello""
[V2] ""let's do 15-15""
[P] ""what about 14""
[V2] ""i want 15"""
8,15,2,4,1,,,,,,,,,,,,,1,v1-v2,"[V2] ""15 15?""
[V1] ""yes""
[V1] ""done""
[V1] ""i told proposer""
[V1] ""he is going to single me out""
[V1] ""i get 0 ""
[V1] ""plz reject him""
[V1] ""REJECT HIM""
[V2] ""ok""
[V1] ""WE both take $15 each"""
8,1,3,3,1,,,,,,,,,,,,,1,public,"[V1] ""?""
[V2] ""we can accept $10 each and go home""
[V2] ""simple ""
[V1] ""good idea"""
8,2,3,1,1,,,,,,,,,,,,,2,p-v1,"[P] ""hello""
[V1] ""hi""
[P] ""how much do you neecd to approve it?""
[V1] ""14 16 ?""
[V1] ""u 16 ""
[V1] ""me 14"""
8,2,3,1,2,,,,,,,,,,,,,2,p-v1,"[V1] ""u 16 """
8,2,3,2,1,,,,,,,,,,,,,2,p-v2,"[P] ""ho much you need to apprve it ?""
[P] ""10?""
[V2] ""15?""
[V2] ""lets do eqal""
[P] ""12 ?""
[V2] ""1?""
[V2] ""14""
[V2] ""lets do that""
[P] ""ok"""
8,2,3,4,1,,,,,,,,,,,,,2,v1-v2,"[V1] ""deal 3 is giving is 16 14"""
8,3,3,1,1,,,,,,,,,,,,,2,p-v1,"[P] ""10?""
[V1] ""let's do 11-11 for us and 8 for subject 3""
[P] ""ok""
[P] ""u will get 11""
[P] ""i ill take reamaining""
[V1] ""ok"""
8,3,3,2,1,,,,,,,,,,,,,2,p-v2,"[P] ""10?""
[V2] ""13"""
8,4,3,1,1,,,,,,,,,,,,,3,p-v1,"[V1] ""hello""
[V1] ""Lets go 14 me 16 you"""
8,4,3,1,2,,,,,,,,,,,,,3,p-v1,"[V1] ""yo""
[P] ""11?""
[P] ""the other guy wants 12""
[V1] ""keep it the same way. I'll take 14"""
8,4,3,1,3,,,,,,,,,,,,,3,p-v1,"[P] ""i was telling him to give us at least 10 each""
[P] ""or more""
[V1] ""Yeah thats good""
[V1] ""I told him he's a noob""
[P] ""ill split betwenn us""
[V1] ""he says same here. LMAO.""
[P] ""since im the proposer""
[V1] ""Yeah I got it."""
8,4,3,2,1,,,,,,,,,,,,,3,p-v2,"[V2] ""split 13 17"""
8,4,3,2,2,,,,,,,,,,,,,3,p-v2,"[V2] ""if u give out 13""
[V2] ""ill approve it right away""
[P] ""12?""
[V2] ""10 each""
[P] ""11*......the other guy wants 12""
[V2] ""if you dont give us at least 10 each""
[V2] ""well keep rejecting that"""
8,4,3,3,3,,,,,,,,,,,,,3,public,"[V2] ""10 and call it for every ound"""
8,4,3,4,1,,,,,,,,,,,,,3,v1-v2,"[V1] ""lets split at $10 each okay?"""
8,4,3,4,2,,,,,,,,,,,,,3,v1-v2,"[V1] ""hi""
[V1] ""lets keep it at $10 each""
[V1] ""thanks for the !st one""
[V2] ""i was doing it for myself though lol""
[V2] ""did you talk to him yet""
[V1] ""ya""
[V2] ""what did he say""
[V1] ""cunning""
[V2] ""hahaa""
[V1] ""saying take 12""
[V2] ""did you take it""
[V1] ""nope""
[V2] ""k""
[V2] ""10 each is fair enough""
[V1] ""$10 each. Fair an square""
[V1] ""Cool.""
[V1] ""Trust the word.""
[V2] ""k""
[V1] ""Cheers!.""
[V2] ""yaah"""
8,4,3,4,3,,,,,,,,,,,,,3,v1-v2,"[V1] ""Lol""
[V1] ""What a noob""
[V2] ""same here"""
8,5,3,1,1,,,,,,,,,,,,,1,p-v1,"[P] ""?""
[V1] ""10?""
[V1] ""yea like last time same"""
8,5,3,2,1,,,,,,,,,,,,,1,p-v2,"[P] ""?""
[V2] ""14?""
[P] ""done"""
8,6,3,1,1,,,,,,,,,,,,,1,p-v1,"[P] ""ill give you 10 other zero""
[P] ""accept it""
[V1] ""give me 14, you 16, and 0 for sub 2"""
8,6,3,2,1,,,,,,,,,,,,,1,p-v2,"[V2] ""12?""
[P] ""Ok""
[P] ""Take it"""
8,6,3,4,1,,,,,,,,,,,,,1,v1-v2,"[V2] ""do not accept""
[V2] ""lets try our luck untill we get the proper""
[V2] ""proposer**"""
8,7,3,1,1,,,,,,,,,,,,,1,p-v1,"[P] ""13 ?""
[V1] ""ok"""
8,7,3,2,1,,,,,,,,,,,,,1,p-v2,"[P] ""14 ?""
[V2] ""fair"""
8,7,3,3,1,,,,,,,,,,,,,1,public,"[V2] ""again im not the proposer lol""
[V1] ""sorry friend""
[V1] ""shall we keep on rejecting?""
[V1] ""unitl either of us becomes proposer?"""
8,9,3,3,1,,,,,,,,,,,,,2,public,"[P] ""im taking 20""
[P] ""one of u 10""
[V1] ""okay ""
[P] ""atleast one of us can make money""
[V1] ""makes sense ""
[V1] ""send 10"""
8,9,3,3,2,,,,,,,,,,,,,2,public,"[P] ""scam""
[P] ""lol""
[V1] ""good try tho""
[P] ""12?""
[P] ""15"""
8,9,3,4,1,,,,,,,,,,,,,2,v1-v2,"[V1] ""15 15?""
[V1] ""we will do 15 15"""
8,9,3,4,2,,,,,,,,,,,,,2,v1-v2,"[V1] ""hhahah""
[V1] ""ill give you 15""
[V1] ""is that okay?"""
8,10,3,4,1,,,,,,,,,,,,,1,v1-v2,"[V1] ""hi""
[V2] ""hi""
[V1] ""do you want to do a split between us""
[V2] ""Lets play fair shall we?""
[V2] ""Ok sure""
[V2] ""keep on rejecting him?""
[V1] ""yes""
[V2] ""$15 each?""
[V1] ""until one of us ""
[V2] ""Cool"""
8,11,3,2,1,,,,,,,,,,,,,1,p-v2,"[V2] ""Think like a boss""
[V2] ""lets split""
[P] ""15-15?""
[V2] ""surre """
8,11,3,4,1,,,,,,,,,,,,,1,v1-v2,"[V1] ""hi""
[V2] ""hello""
[V1] ""do you want to keep rejecting until one of us become the dealer""
[V2] ""done""
[V1] ""then we can do a split""
[V2] ""yes done""
[V1] ""or whoever gets to be the next one do a 14 16"""
8,12,3,1,1,,,,,,,,,,,,,2,p-v1,"[P] ""Offer?""
[V1] ""13"""
8,12,3,1,2,,,,,,,,,,,,,2,p-v1,"[V1] ""Wow"""
8,12,3,2,1,,,,,,,,,,,,,2,p-v2,"[P] ""Offer?""
[V2] ""10 ?"""
8,12,3,3,1,,,,,,,,,,,,,2,public,"[V1] ""equal split?"""
8,12,3,4,1,,,,,,,,,,,,,2,v1-v2,"[V2] ""?""
[V1] ""lets rejecct""
[V1] ""and split""
[V2] ""ok""
[V2] ""sure?""
[V1] ""yeah""
[V2] ""ok"""
8,13,3,1,1,,,,,,,,,,,,,2,p-v1,"[V1] ""15?""
[V1] ""13?""
[V1] ""12?"""
8,13,3,2,1,,,,,,,,,,,,,2,p-v2,"[V2] ""give me 10""
[P] ""there is a glitch ""
[P] ""for 30 both get 30 ""
[V2] ""lets get then"""
8,13,3,2,2,,,,,,,,,,,,,2,p-v2,"[V2] ""give me 10""
[P] ""i told you its glitch """
8,13,3,3,1,,,,,,,,,,,,,2,public,"[V1] ""equal split""
[V1] ""?"""
8,13,3,3,2,,,,,,,,,,,,,2,public,"[V1] ""dude""
[V1] ""30? seriously"""
8,13,3,4,1,,,,,,,,,,,,,2,v1-v2,"[V1] ""lets reject and split next round"""
8,14,3,1,2,,,,,,,,,,,,,3,p-v1,"[P] ""12?"""
8,14,3,1,3,,,,,,,,,,,,,3,p-v1,"[V1] ""ok you can get 16 and 14 for me""
[V1] ""since you also declined""
[P] ""deal is a deal """
8,14,3,2,1,,,,,,,,,,,,,3,p-v2,"[V2] ""?""
[P] ""last round""
[V2] ""ikr""
[P] ""the other needs 5 so""
[V2] ""sorry ?"""
8,14,3,2,2,,,,,,,,,,,,,3,p-v2,"[P] ""w hat the hek""
[V2] ""15 15 ?""
[P] ""12?""
[V2] ""15 15 """
8,14,3,2,3,,,,,,,,,,,,,3,p-v2,"[P] ""wanna have 1 ?""
[P] ""or 0 ?""
[V2] ""what?""
[P] ""5 ?""
[V2] ""12 and all it"""
8,14,3,4,1,,,,,,,,,,,,,3,v1-v2,"[V1] ""15 15?""
[V2] ""sure ?""
[V1] ""i'll decline for you"""
8,14,3,4,2,,,,,,,,,,,,,3,v1-v2,"[V1] ""let's try again?""
[V2] ""sorry ?""
[V2] "" 15 15 ?""
[V2] "" sure ""
[V1] ""yeah 15 15""
[V2] ""sure ?"""
8,14,3,4,3,,,,,,,,,,,,,3,v1-v2,"[V2] ""lets go equal?"""
8,15,3,1,1,,,,,,,,,,,,,1,p-v1,"[V1] ""14?""
[P] ""offer?"""
8,15,3,2,1,,,,,,,,,,,,,1,p-v2,"[P] ""Offer?""
[V2] ""give me 10"""
8,15,3,4,1,,,,,,,,,,,,,1,v1-v2,"[V1] ""reject""
[V1] ""and split""
[V2] ""how t split"""
9,1,1,2,1,,,,,,,,,,,,,1,p-v2,"[V2] ""10+10+10?""
[P] ""if you approve 14 we maximize for this round?""
[V2] ""WORKS""
[V2] ""OK"""
9,2,1,3,1,,,,,,,,,,,,,1,public,"[V2] "" equal distribution""
[V1] ""if we go strict equality, we decrease variability of total earnings without decreasing average earnings""
[V1] ""if we cooperate""
[P] ""OKAY""
[V2] ""what is your proposal?""
[P] ""I think we should not go for equal ""
[V2] ""time is running out""
[V1] ""not equal end up as increasing risk""
[P] ""10,5, 15?""
[V1] ""by end of study""
[V2] ""10 11 9""
[P] ""lets go with this ""
[P] ""10,11,9""
[V2] ""yup""
[P] ""??""
[V1] ""ok"""
9,3,1,2,1,,,,,,,,,,,,,1,p-v2,"[P] ""17, 11, 1? with you as 11?""
[V2] ""cool""
[P] ""i mean 18 lol bad math""
[V2] ""keept it 17 16 and 1""
[V2] ""yeah""
[V2] ""my bad as well"""
9,3,1,3,1,,,,,,,,,,,,,1,public,"[V2] ""equal or unequal distribution?""
[V2] ""anyone?""
[V1] ""uuneq"""
9,4,1,3,1,,,,,,,,,,,,,1,public,"[P] ""equal or unequal?""
[V1] ""equal distr?""
[V2] ""equal""
[V1] ""minimizes our risk at end of study""
[V2] ""facts""
[P] ""ok""
[P] ""ill put 10 each is that ok""
[V1] ""great""
[V2] ""yer"""
9,5,1,1,1,,,,,,,,,,,,,2,p-v1,"[P] ""(3) told me 15-15""
[P] ""would you be happy with 18 for me, 12 for you?""
[V1] ""yea""
[V1] ""or maybe even"""
9,5,1,2,1,,,,,,,,,,,,,2,p-v2,"[V2] ""17 to you, 13 to me?"""
9,5,1,4,2,,,,,,,,,,,,,2,v1-v2,"[V2] ""10 each ""
[V2] ""that way we all benefit""
[V1] ""works for me"""
9,7,1,1,1,,,,,,,,,,,,,1,p-v1,"[V1] ""13-17?""
[V1] ""17 for you"""
9,7,1,2,1,,,,,,,,,,,,,1,p-v2,"[V2] ""17 you me 13"""
9,7,1,3,1,,,,,,,,,,,,,1,public,"[P] ""I'm doing this equally"""
9,8,1,3,1,,,,,,,,,,,,,1,public,"[V1] ""Can we please split this equally?"""
9,10,1,4,1,,,,,,,,,,,,,1,v1-v2,"[V2] ""15 15"""
9,12,1,1,2,,,,,,,,,,,,,2,p-v1,"[P] ""we can do 15-15""
[V1] ""yea"""
9,12,1,2,2,,,,,,,,,,,,,2,p-v2,"[V2] ""15 `15""
[V2] ""u 17""
[P] ""works for me""
[V2] ""k"""
9,12,1,4,1,,,,,,,,,,,,,2,v1-v2,"[V1] ""17 you 13 me?"""
9,13,1,2,1,,,,,,,,,,,,,1,p-v2,"[V2] ""15/15"""
9,14,1,2,1,,,,,,,,,,,,,1,p-v2,"[V2] ""15/15"""
9,14,1,3,1,,,,,,,,,,,,,1,public,"[V1] ""equally?"""
9,15,1,1,1,,,,,,,,,,,,,1,p-v1,"[V1] ""15/15"""
9,15,1,3,1,,,,,,,,,,,,,1,public,"[V2] ""even?""
[V1] ""sure"""
9,2,2,1,1,,,,,,,,,,,,,1,p-v1,"[V1] ""15-15?"""
9,4,2,1,1,,,,,,,,,,,,,1,p-v1,"[V1] ""split this evenly between us?"""
9,5,2,1,1,,,,,,,,,,,,,1,p-v1,"[V1] ""15 15?""
[P] ""Sure""
[V1] ""or 15 14 1""
[V1] ""you take 15 give me 14"""
9,5,2,3,1,,,,,,,,,,,,,1,public,"[V1] ""equal or unequal"""
9,5,2,4,1,,,,,,,,,,,,,1,v1-v2,"[V2] ""15 15""
[V1] ""cool"""
9,6,2,1,1,,,,,,,,,,,,,1,p-v1,"[V1] ""you 20 i 10"""
9,7,2,1,1,,,,,,,,,,,,,1,p-v1,"[P] ""15,15?""
[V1] ""yeah"""
9,7,2,4,1,,,,,,,,,,,,,1,v1-v2,"[V1] ""15/15""
[V2] ""agreed"""
9,8,2,1,1,,,,,,,,,,,,,1,p-v1,"[P] ""15 15"""
9,8,2,2,1,,,,,,,,,,,,,1,p-v2,"[V2] ""what do you say""
[P] ""i think 11 10 9""
[P] ""you 10""
[P] ""i 11""
[V2] ""cool"""
9,8,2,3,1,,,,,,,,,,,,,1,public,"[V2] ""equal?""
[V1] ""Yes!""
[P] ""risk of getting low average""
[V1] ""but it's better than a chance at 0"""
9,9,2,1,1,,,,,,,,,,,,,1,p-v1,"[V1] ""15 15""
[V1] ""or 11 10 9""
[V1] ""you 11 """
9,10,2,1,1,,,,,,,,,,,,,1,p-v1,"[P] ""15-15?""
[V1] ""ok""
[P] ""say fast?""
[V1] ""done"""
9,10,2,3,1,,,,,,,,,,,,,1,public,"[V1] ""even split?""
[P] ""it will lead to bad score in end""
[P] ""9 10 11?""
[V2] ""or 12 to proposer and 9-9 to others""
[V1] ""ok""
[P] ""cool""
[V2] ""this is the nicest ChatTable so far lol"""
9,11,2,2,1,,,,,,,,,,,,,1,p-v2,"[P] ""17 13"""
9,11,2,3,1,,,,,,,,,,,,,1,public,"[V1] ""12  9 9?""
[P] ""equal or unequal?""
[V1] ""or  9 9 12 or whatever?""
[V2] ""yeah thats good"""
9,12,2,3,1,,,,,,,,,,,,,1,public,"[V1] ""equally?"""
9,13,2,1,1,,,,,,,,,,,,,1,p-v1,"[V1] ""equal?""
[P] ""i'm down""
[V1] ""me too what do you say?"""
9,13,2,3,1,,,,,,,,,,,,,1,public,"[V2] ""9 12 9?""
[V1] ""cool""
[V2] "" 9 9 12?""
[V2] ""or whatever""
[P] ""yeah sounds good"""
9,14,2,2,1,,,,,,,,,,,,,1,p-v2,"[V2] ""18 you 12 me ?"""
9,14,2,4,1,,,,,,,,,,,,,1,v1-v2,"[V1] ""17/13?"""
9,15,2,3,1,,,,,,,,,,,,,1,public,"[V2] ""last one, even ?"""
9,15,2,4,1,,,,,,,,,,,,,1,v1-v2,"[V1] ""lets reject we can get 15 each""
[V2] ""okay true"""
9,2,3,2,1,,,,,,,,,,,,,1,p-v2,"[V2] ""both of us 15 each""
[V2] ""i vote you"""
9,3,3,1,1,,,,,,,,,,,,,1,p-v1,"[V1] ""lets split equally"""
9,3,3,3,1,,,,,,,,,,,,,1,public,"[V2] ""let's just split evenly"""
9,4,3,1,2,,,,,,,,,,,,,2,p-v1,"[P] ""15 each ""
[P] ""?""
[V1] ""Sure"""
9,4,3,3,1,,,,,,,,,,,,,2,public,"[V1] ""I think we should split it equally""
[V2] ""i agree"""
9,5,3,1,1,,,,,,,,,,,,,1,p-v1,"[V1] ""you get 20 i get 10""
[P] ""ok""
[V1] ""i vote""
[P] ""ok""
[P] """""
9,6,3,1,1,,,,,,,,,,,,,1,p-v1,"[P] ""does 15-15 work?""
[V1] ""yeah"""
9,6,3,2,1,,,,,,,,,,,,,1,p-v2,"[V2] ""20 you me 10"""
9,6,3,3,1,,,,,,,,,,,,,1,public,"[V2] ""even?""
[V1] ""yep"""
9,7,3,1,1,,,,,,,,,,,,,1,p-v1,"[P] ""does 15- 15?""
[V1] ""deal"""
9,7,3,2,1,,,,,,,,,,,,,1,p-v2,"[V2] ""15 15 ?"""
9,7,3,4,1,,,,,,,,,,,,,1,v1-v2,"[V1] ""if not equal we can both reject""
[V1] ""decrease risk over total rounds"""
9,9,3,2,1,,,,,,,,,,,,,1,p-v2,"[V2] ""15/15"""
9,10,3,2,1,,,,,,,,,,,,,1,p-v2,"[V2] ""15 15""
[V2] ""or 11 10 9""
[V2] ""or 10 10 10""
[P] ""17/13""
[V2] ""16 14""
[P] ""17/13?""
[V2] ""16 14?""
[P] ""17/13 it is lol"""
9,10,3,3,1,,,,,,,,,,,,,1,public,"[V1] ""what if we just never give someone 0?""
[V2] ""cool\\\\""
[V1] """""
9,10,3,4,1,,,,,,,,,,,,,1,v1-v2,"[V2] ""dont accept"""
9,11,3,3,1,,,,,,,,,,,,,1,public,"[V2] ""equally?"""
9,12,3,1,1,,,,,,,,,,,,,1,p-v1,"[V1] ""15 15 ""
[V1] ""?"""
9,12,3,2,1,,,,,,,,,,,,,1,p-v2,"[V2] ""15/51""
[V2] ""15/15"""
9,12,3,3,1,,,,,,,,,,,,,1,public,"[V2] ""40461"""
9,13,3,2,1,,,,,,,,,,,,,1,p-v2,"[V2] ""15 15""
[P] ""15 15""
[V2] ""k""
[P] """"
[P] """""
9,14,3,4,1,,,,,,,,,,,,,1,v1-v2,"[V1] ""if unequal, both reject?"""
9,15,3,1,1,,,,,,,,,,,,,1,p-v1,"[V1] ""equal?"""
9,15,3,2,1,,,,,,,,,,,,,1,p-v2,"[V2] ""17 13?""
[P] ""19 11""
[V2] ""okay"""
9,15,3,3,1,,,,,,,,,,,,,1,public,"[P] ""equal?""
[V2] ""Sure""
[V1] ""yeah"""
9,1,4,3,1,,,,,,,,,,,,,1,public,"[P] ""equal distribution""
[V2] ""just give 10 to each one""
[V1] ""yeah""
[V2] ""yup"""
9,2,4,2,1,,,,,,,,,,,,,1,p-v2,"[V2] ""what do you tjink?"""
9,3,4,1,1,,,,,,,,,,,,,1,p-v1,"[V1] ""15 15 ""
[P] ""i give you 13 if you vote yes""
[V1] ""ok"""
9,3,4,3,1,,,,,,,,,,,,,1,public,"[V2] ""10 each?""
[V2] ""and everyone is happy"""
9,4,4,1,1,,,,,,,,,,,,,1,p-v1,"[V1] ""15 15""
[V1] ""13 ok"""
9,4,4,2,1,,,,,,,,,,,,,1,p-v2,"[V2] ""15 15 0""
[P] ""okay"""
9,4,4,3,1,,,,,,,,,,,,,1,public,"[P] ""15,13,2?"""
9,5,4,2,1,,,,,,,,,,,,,1,p-v2,"[V2] ""15 15"""
9,6,4,2,1,,,,,,,,,,,,,1,p-v2,"[V2] ""15 15"""
9,7,4,1,1,,,,,,,,,,,,,1,p-v1,"[P] ""13 if you say yes""
[V1] ""yes"""
9,8,4,3,1,,,,,,,,,,,,,2,public,"[V2] ""equal?"""
9,9,4,1,2,,,,,,,,,,,,,2,p-v1,"[P] ""fuck this guy"""
9,9,4,2,1,,,,,,,,,,,,,2,p-v2,"[V2] ""17/13?""
[P] ""sure"""
9,10,4,4,1,,,,,,,,,,,,,1,v1-v2,"[V1] ""reject non-equal?"""
9,11,4,1,1,,,,,,,,,,,,,1,p-v1,"[V1] ""16 you 14 me?"""
9,11,4,2,1,,,,,,,,,,,,,1,p-v2,"[V2] ""17 you 13 me"""
9,11,4,4,1,,,,,,,,,,,,,1,v1-v2,"[V1] ""we can do 15-15 if we both reject"""
9,12,4,1,1,,,,,,,,,,,,,1,p-v1,"[V1] ""8 8 and 14?""
[P] ""19,11,0?""
[V1] ""18., 11, 1?"""
9,13,4,1,1,,,,,,,,,,,,,1,p-v1,"[V1] ""10, 12, 8?"""
9,13,4,2,1,,,,,,,,,,,,,1,p-v2,"[V2] ""15 15""
[V2] ""?"""
9,14,4,1,1,,,,,,,,,,,,,1,p-v1,"[V1] ""15/15""
[P] ""i'm down"""
9,14,4,2,1,,,,,,,,,,,,,1,p-v2,"[V2] ""0,10,20?"""
9,15,4,1,1,,,,,,,,,,,,,1,p-v1,"[V1] ""15 15""
[V1] ""?"""
9,6,5,1,1,,,,,,,,,,,,,1,p-v1,"[V1] ""15 15?"""
9,6,5,2,1,,,,,,,,,,,,,1,p-v2,"[P] ""15 15""
[V2] ""okay"""
9,7,5,1,1,,,,,,,,,,,,,1,p-v1,"[V1] ""15 15""
[V1] ""dont split even""
[V1] ""chances of risk at the end are high""
[V1] ""or go for 11 10 9""
[V1] ""you 11""
[V1] ""me 10"""
9,7,5,2,1,,,,,,,,,,,,,1,p-v2,"[V2] ""20 12 ?"""
9,7,5,3,1,,,,,,,,,,,,,1,public,"[P] ""splitting even""
[V2] ""nice""
[V1] ""risk is high at the end!""
[P] ""ill reduce risk as fair as possible ""
[V1] ""we will be decreasing the average""
[V1] ""ok"""
9,8,5,1,1,,,,,,,,,,,,,1,p-v1,"[V1] ""15/15""
[P] ""17-13""
[V1] ""bet""
[P] ""sorry what?""
[V1] ""yes i mean""
[P] ""okay"""
9,8,5,3,1,,,,,,,,,,,,,1,public,"[V2] ""equal"""
9,8,5,4,1,,,,,,,,,,,,,1,v1-v2,"[V2] ""or 15 15""
[V2] ""17 13"""
9,9,5,1,2,,,,,,,,,,,,,2,p-v1,"[P] ""17 13""
[P] ""u 17""
[V1] ""sure"""
9,9,5,2,2,,,,,,,,,,,,,2,p-v2,"[V2] ""me 12 you 12?"""
9,9,5,3,1,,,,,,,,,,,,,2,public,"[P] ""what say?""
[V1] ""even , or 11 10 9 """
9,9,5,4,1,,,,,,,,,,,,,2,v1-v2,"[V2] ""17 13"""
9,9,5,4,2,,,,,,,,,,,,,2,v1-v2,"[V2] ""equal?""
[V2] ""9?""
[V1] ""in not the proposer """
9,10,5,1,1,,,,,,,,,,,,,1,p-v1,"[V1] ""17 you 13 me?"""
9,11,5,2,1,,,,,,,,,,,,,2,p-v2,"[V2] ""15/15"""
9,11,5,2,2,,,,,,,,,,,,,2,p-v2,"[V2] ""15/15"""
9,12,5,1,1,,,,,,,,,,,,,2,p-v1,"[V1] ""15 15"""
9,12,5,1,2,,,,,,,,,,,,,2,p-v1,"[P] ""12 for you?""
[P] ""15 for me?""
[V1] ""ok""
[P] ""cool"""
9,12,5,2,2,,,,,,,,,,,,,2,p-v2,"[P] ""10 for you?""
[V2] ""yes""
[V2] ""you wanna go 15 15""
[P] ""yeah"""
9,12,5,3,1,,,,,,,,,,,,,2,public,"[V2] ""equal?"""
9,12,5,3,2,,,,,,,,,,,,,2,public,"[V2] ""11 10 9""
[V1] ""ok""
[V2] ""or 12 9 9"""
9,13,5,2,1,,,,,,,,,,,,,1,p-v2,"[V2] ""15/15""
[P] ""how about 17/13""
[V2] ""sure"""
9,13,5,3,1,,,,,,,,,,,,,1,public,"[V1] ""equally?""
[V2] ""sure"""
9,14,5,1,1,,,,,,,,,,,,,1,p-v1,"[V1] ""15 15"""
9,14,5,3,1,,,,,,,,,,,,,1,public,"[V2] ""even?""
[P] ""even?"""
9,15,5,1,1,,,,,,,,,,,,,1,p-v1,"[P] ""17 - 13?""
[V1] ""okY"""
9,15,5,3,1,,,,,,,,,,,,,1,public,"[V2] ""even"""
9,15,5,4,1,,,,,,,,,,,,,1,v1-v2,"[V2] ""15 15"""
10,1,1,3,1,,,,,,,,,,,,,1,public,"[P] ""I think even divison among us is best""
[V2] ""sounds good"""
10,2,1,2,1,,,,,,,,,,,,,1,p-v2,"[P] ""will you accept if I give you $13""
[V2] ""yes"""
10,2,1,3,1,,,,,,,,,,,,,1,public,"[V1] ""i think it is best if we divide evenly""
[P] ""ok"""
10,2,1,4,1,,,,,,,,,,,,,1,v1-v2,"[V1] ""reject is less than $10"""
10,3,1,2,1,,,,,,,,,,,,,1,p-v2,"[P] ""How about I give you  15""
[P] ""agree?""
[V2] ""sure"""
10,3,1,3,1,,,,,,,,,,,,,1,public,"[V1] ""hi"""
10,4,1,1,1,,,,,,,,,,,,,1,p-v1,"[P] ""15 and 15 ?""
[V1] ""sure"""
10,4,1,2,1,,,,,,,,,,,,,1,p-v2,"[V2] ""12 for me is an accept"""
10,6,1,1,1,,,,,,,,,,,,,1,p-v1,"[V1] ""i will accept for 12""
[V1] """""
10,7,1,1,1,,,,,,,,,,,,,2,p-v1,"[P] ""what you want""
[V1] ""10\\\\10\\\\10""
[V1] ""get out of here faster""
[P] ""will you accept if I give you 11 and keep the rest""
[V1] ""sure"""
10,7,1,1,2,,,,,,,,,,,,,2,p-v1,"[V1] ""10\\\\10\\\\10?""
[P] ""I would love that but people arent playing that way ""
[P] ""i need to make up my losses""
[V1] ""alright""
[P] ""15/15 ?""
[V1] ""sure"""
10,7,1,2,1,,,,,,,,,,,,,2,p-v2,"[V2] ""16 for you 14 me ?""
[V2] ""18 you 12 me?""
[V2] ""or even?""
[P] ""the other guy will do it for 12""
[V2] ""My offer stands """
10,7,1,2,2,,,,,,,,,,,,,2,p-v2,"[P] ""20 me 10 you?""
[V2] ""12 at mininum"""
10,8,1,1,1,,,,,,,,,,,,,1,p-v1,"[V1] ""hi"""
10,8,1,4,1,,,,,,,,,,,,,1,v1-v2,"[V2] ""do not offer less than 14. He should lower his own money to accomodate"""
10,9,1,1,1,,,,,,,,,,,,,2,p-v1,"[V1] ""21 and 9?""
[P] ""Are you sure?""
[V1] ""sure""
[P] ""cool""
[V1] ""cool"""
10,9,1,1,2,,,,,,,,,,,,,2,p-v1,"[V1] ""13,17?""
[P] ""19 11""
[V1] ""ok"""
10,9,1,2,1,,,,,,,,,,,,,2,p-v2,"[V2] ""can you give me 13?""
[V2] ""you keep 17""
[P] ""negotiable?""
[V2] ""yes""
[V2] ""11?"""
10,9,1,2,2,,,,,,,,,,,,,2,p-v2,"[V2] ""Your'e good ""
[P] ""thanks"""
10,10,1,1,1,,,,,,,,,,,,,1,p-v1,"[V1] ""19,11?""
[P] ""other offered""
[P] ""10 20?""
[V1] ""ok"""
10,10,1,2,1,,,,,,,,,,,,,1,p-v2,"[V2] ""you keep 19 and give me 11, i'll agree""
[P] ""okay"""
10,11,1,1,1,,,,,,,,,,,,,1,p-v1,"[V1] ""12""
[P] ""the other one is offering 11, can you do 10?""
[V1] ""no"""
10,11,1,2,1,,,,,,,,,,,,,1,p-v2,"[V2] ""i will offer a dollar less than what the other person is offering""
[P] ""the other one is offering 12, 11 work for you?""
[V2] ""that works"""
10,11,1,4,1,,,,,,,,,,,,,1,v1-v2,"[V1] ""lets see if we can take his money ""
[V1] ""with solidarity""
[V2] ""omg yes""
[V2] ""what did you have in mind""
[V1] ""offer 16""
[V1] ""and ill offer 16""
[V2] ""ok"""
10,12,1,1,1,,,,,,,,,,,,,1,p-v1,"[V1] ""hey""
[P] ""hey""
[V1] ""want to split? ill take 12""
[P] ""cool"""
10,12,1,2,1,,,,,,,,,,,,,1,p-v2,"[V2] ""19, 11?""
[P] ""great"""
10,13,1,2,1,,,,,,,,,,,,,1,p-v2,"[V2] ""you keep 19 and give me 11, i'll agree""
[P] ""he said the same""
[V2] ""10""
[P] ""the metagame has evolved""
[P] ""ok""
[V2] ""hhhh""
[V2] ""TRUE"""
10,14,1,1,1,,,,,,,,,,,,,3,p-v1,"[V1] ""i will offer a dolllar less than the other person""
[P] ""the other one offer 10, is 9 working for you?""
[V1] ""ok""
[P] ""ok """
10,14,1,1,2,,,,,,,,,,,,,3,p-v1,"[V1] ""we should divide evenly""
[P] ""I'll keep my word""
[P] ""dont worry"""
10,14,1,1,3,,,,,,,,,,,,,3,p-v1,"[V1] ""you keep 19 and give me 11, i'll agree"""
10,14,1,2,1,,,,,,,,,,,,,3,p-v2,"[V2] ""20 10?"""
10,14,1,2,2,,,,,,,,,,,,,3,p-v2,"[V2] ""you keep 20 and give me 10, i'll agree"""
10,14,1,2,3,,,,,,,,,,,,,3,p-v2,"[V2] ""lol""
[P] ""why lol""
[P] ""other is offering 11 will you do $10""
[V2] ""oh sorry mix up""
[V2] ""i'll do 7"""
10,14,1,4,1,,,,,,,,,,,,,3,v1-v2,"[V1] ""are you offering 10$""
[V1] ""he is trying to play us""
[V2] ""So 15 15 after reject?""
[V1] ""yes"""
10,14,1,4,2,,,,,,,,,,,,,3,v1-v2,"[V1] ""i asked to divide evenly""
[V1] ""he is playing games"""
10,14,1,4,3,,,,,,,,,,,,,3,v1-v2,"[V2] ""so whats the plan?""
[V2] ""25 5?""
[V1] ""Im not the proposer""
[V1] ""his is playing the game"""
10,15,1,1,1,,,,,,,,,,,,,1,p-v1,"[V1] ""20 10?""
[V1] ""negotiable"""
10,15,1,2,1,,,,,,,,,,,,,1,p-v2,"[V2] ""i will offer a dollar less than the other person"""
10,1,2,2,1,,,,,,,,,,,,,1,p-v2,"[V2] ""You keep 17 and give me 13, I'll accept""
[P] ""cool"""
10,2,2,1,1,,,,,,,,,,,,,1,p-v1,"[V1] ""divide 15 and 15""
[V1] ""you will get my vote"""
10,2,2,3,1,,,,,,,,,,,,,1,public,"[V1] ""Hello""
[V2] ""hey""
[P] ""Hi""
[V2] ""even split?""
[P] ""sure""
[V1] ""cool"""
10,3,2,1,1,,,,,,,,,,,,,1,p-v1,"[P] ""hi I will accept only if i am given $12 or more""
[P] ""oh shit im the proposer""
[V1] ""how about $13 for you $17 for you""
[P] ""uhhh""
[V1] ""LOL""
[P] ""i read the thing wrong""
[V1] ""*13 for me I mean""
[V1] ""or 13 me $16 you $1 for 2"""
10,3,2,2,1,,,,,,,,,,,,,1,p-v2,"[V2] ""Give me 12 and keep the rest, I'll accept"""
10,4,2,1,1,,,,,,,,,,,,,1,p-v1,"[V1] ""Hey give me 13 and keep the rest, I'll accept"""
10,4,2,2,1,,,,,,,,,,,,,1,p-v2,"[V2] ""Can you give me 14?""
[V2] ""you can keep for 16""
[P] ""okay"""
10,5,2,1,1,,,,,,,,,,,,,1,p-v1,"[V1] ""keep 15 and give me 15""
[P] ""deal""
[V1] ""or you keep 16""
[V1] ""deal 16 14"""
10,5,2,2,1,,,,,,,,,,,,,1,p-v2,"[V2] ""you keep 18 and give me 12, i'll agree""
[P] ""deal"""
10,6,2,1,1,,,,,,,,,,,,,1,p-v1,"[V1] ""How about 15, 15?"""
10,7,2,1,1,,,,,,,,,,,,,1,p-v1,"[V1] ""Hi how are you?""
[P] ""hey""
[V1] ""Want to split it? i'll take 2""
[P] ""so i'll have 28?""
[V1] ""ah i meant 2 ""
[V1] ""12""
[P] ""oh okay cool""
[V1] ""my keyboard is broken oops"""
10,7,2,2,1,,,,,,,,,,,,,1,p-v2,"[V2] ""Can you give me 15?""
[V2] ""I vote u""
[P] ""how about 13""
[V2] ""sure"""
10,8,2,1,1,,,,,,,,,,,,,1,p-v1,"[V1] ""19 11?""
[V1] ""deal""
[P] ""sounds good"""
10,8,2,2,1,,,,,,,,,,,,,1,p-v2,"[V2] ""even split?""
[V2] ""Ill negotiate""
[V2] ""18 you 12 me""
[P] ""I have offer for 11""
[V2] ""20 and 10""
[P] ""cool"""
10,9,2,1,1,,,,,,,,,,,,,1,p-v1,"[V1] ""hi whatever the other player is offering I will do a dollar less"""
10,10,2,1,1,,,,,,,,,,,,,1,p-v1,"[P] ""offer?""
[V1] ""22 and 8"""
10,10,2,2,1,,,,,,,,,,,,,1,p-v2,"[V2] ""19 11 negotiable""
[P] ""ok"""
10,11,2,1,1,,,,,,,,,,,,,2,p-v1,"[V1] ""19 11?""
[P] ""cool""
[V1] ""cool"""
10,11,2,1,2,,,,,,,,,,,,,2,p-v1,"[V1] ""how about 25 5"""
10,11,2,2,1,,,,,,,,,,,,,2,p-v2,"[V2] ""19 11?"""
10,11,2,2,2,,,,,,,,,,,,,2,p-v2,"[P] ""how much?""
[V2] ""12,18?""
[P] ""19 11""
[V2] ""ok"""
10,12,2,1,1,,,,,,,,,,,,,1,p-v1,"[V1] ""18 and 12"""
10,13,2,1,1,,,,,,,,,,,,,1,p-v1,"[V1] ""20 10?""
[P] ""?""
[P] ""okay"""
10,13,2,2,1,,,,,,,,,,,,,1,p-v2,"[P] ""?""
[V2] ""i will offer a dollar less than the other person"""
10,14,2,1,2,,,,,,,,,,,,,2,p-v1,"[P] ""how much""
[V1] ""15/15?""
[P] ""cool"""
10,14,2,2,1,,,,,,,,,,,,,2,p-v2,"[V2] ""20 10""
[P] ""cool"""
10,14,2,2,2,,,,,,,,,,,,,2,p-v2,"[V2] ""well that was rude"""
10,1,3,3,1,,,,,,,,,,,,,1,public,"[V1] ""hello""
[P] ""hi""
[V2] ""Hi"""
10,2,3,1,1,,,,,,,,,,,,,1,p-v1,"[V1] ""You keep 17 and give me 13, I'll accept"""
10,2,3,2,1,,,,,,,,,,,,,1,p-v2,"[V2] ""Hello. I hope you are having a good day"""
10,3,3,2,1,,,,,,,,,,,,,1,p-v2,"[V2] ""divide 15 and 15""
[V2] ""get my vote""
[V2] ""majority 2 of 3"""
10,4,3,1,1,,,,,,,,,,,,,1,p-v1,"[V1] ""you keep 17 and give me 13, i'll agree"""
10,4,3,2,1,,,,,,,,,,,,,1,p-v2,"[V2] ""Hello, i hope your day is good""
[P] ""good and yourself""
[P] ""i will give you 12 if you accept""
[V2] ""yes"""
10,5,3,1,1,,,,,,,,,,,,,1,p-v1,"[V1] ""i will accept 12 and you $18""
[P] ""ok"""
10,5,3,2,1,,,,,,,,,,,,,1,p-v2,"[V2] ""keep 17 and give me 13""
[P] ""ok"""
10,6,3,1,1,,,,,,,,,,,,,1,p-v1,"[V1] ""keep 19 give me 11""
[P] ""sounds good"""
10,6,3,2,1,,,,,,,,,,,,,1,p-v2,"[V2] ""you keep 17 and give me 13, i'll agree""
[P] ""the other player is offering 11""
[P] ""would you do 10""
[V2] ""ok"""
10,7,3,1,1,,,,,,,,,,,,,1,p-v1,"[V1] ""hi i  will do 11 and you 19"""
10,8,3,1,1,,,,,,,,,,,,,1,p-v1,"[V1] ""hi""
[P] ""hi""
[V1] ""I will accept $12""
[V1] ""you get$18"""
10,8,3,2,1,,,,,,,,,,,,,1,p-v2,"[V2] ""you keep 19 and give me 11, i'll agree""
[P] ""ok"""
10,9,3,1,1,,,,,,,,,,,,,2,p-v1,"[V1] ""even split ?"""
10,9,3,1,2,,,,,,,,,,,,,2,p-v1,"[V1] ""you keep 19 and give me 11, i'll agree"""
10,9,3,2,1,,,,,,,,,,,,,2,p-v2,"[V2] ""my offer is 12""
[P] ""the other one is offering 11""
[P] ""can you do 10?""
[V2] ""10 evenly or 12 me and you"""
10,9,3,2,2,,,,,,,,,,,,,2,p-v2,"[P] ""now we split 15 15 because of that""
[V2] ""yes""
[V2] ""beautiful""
[V2] ""lmao""
[P] ""#morality"""
10,9,3,4,1,,,,,,,,,,,,,2,v1-v2,"[V2] ""do not offer less than 14. He should lower his own money to accomodate""
[V1] ""10 10 10 ?""
[V2] ""ok""
[V1] ""lets vote for that """
10,9,3,4,2,,,,,,,,,,,,,2,v1-v2,"[V2] ""tut tut tut"""
10,11,3,1,1,,,,,,,,,,,,,1,p-v1,"[V1] ""hi""
[P] ""hey""
[V1] ""want to split? ill take 12""
[P] ""deal"""
10,12,3,1,1,,,,,,,,,,,,,1,p-v1,"[P] ""how much""
[V1] ""12"""
10,12,3,2,1,,,,,,,,,,,,,1,p-v2,"[V2] ""you keep 19 and give me 11, i'll agree""
[P] ""how much"""
10,13,3,1,1,,,,,,,,,,,,,1,p-v1,"[V1] ""How much would you like""
[P] ""20 and 10?""
[V1] ""19,11?"""
10,13,3,2,1,,,,,,,,,,,,,1,p-v2,"[V2] ""hi""
[P] ""hey""
[V2] ""hey want to split? i can do 13""
[P] ""12?""
[V2] ""sure"""
10,13,3,4,1,,,,,,,,,,,,,1,v1-v2,"[V1] ""do you want to reject if she gives 20, 10 0?"""
10,14,3,1,1,,,,,,,,,,,,,1,p-v1,"[V1] ""19, 11?""
[P] ""deal"""
10,14,3,2,1,,,,,,,,,,,,,1,p-v2,"[V2] ""12"""
10,14,3,4,1,,,,,,,,,,,,,1,v1-v2,"[V2] ""dont offer less tahn 13 and I will do the same""
[V1] ""oo ok"""
10,15,3,1,1,,,,,,,,,,,,,3,p-v1,"[V1] ""19 11?""
[P] ""20, 10?""
[V1] ""okay""
[V1] ""21 9 is also fine""
[P] ""okay ""
[P] ""thanks"""
10,15,3,1,2,,,,,,,,,,,,,3,p-v1,"[V1] ""15 15""
[V1] ""final""
[V1] ""do evenly 10""
[V1] ""that's better for last round"""
10,15,3,2,1,,,,,,,,,,,,,3,p-v2,"[V2] ""10""
[P] ""9?""
[V2] ""no"""
10,15,3,2,2,,,,,,,,,,,,,3,p-v2,"[V2] ""13 or vote no"""
10,15,3,4,1,,,,,,,,,,,,,3,v1-v2,"[V2] ""i will not accept 9""
[V2] ""you should not either""
[V1] ""cool""
[V2] """""
10,15,3,4,2,,,,,,,,,,,,,3,v1-v2,"[V2] ""make him bleed""
[V1] ""sure""
[V2] ""propose 15 and vote no otherwise""
[V1] ""yeah that's the plan"""
